sn85025905,Selma,AL,32.4117889404,-87.0222320557
sn82015209,Chattanooga,TN,35.0464401245,-85.309463501
sn82014371,Griffin,GA,33.2471008301,-84.263458252
sn83045160,Memphis,TN,35.1497612,-90.0492477417
sn94051341,Holbrook,AZ,34.9018096924,-110.160087585
sn82016246,PeachSprings,AZ,34.2929649353,-111.66469574
sn82014896,Tucson,AZ,32.2215499878,-110.96975708
sn94050505,Bisbee,AZ,31.4418296814,-109.914451599
sn95060900,Tombstone,AZ,31.7142791748,-110.068328857
sn82016242,FortWhipple,AZ,34.5461654663,-112.457115173
sn84020558,Phoenix,AZ,33.4482498169,-112.075798035
sn95060876,Yuma,AZ,32.6848487854,-114.624610901
sn95060877,Yuma,AZ,32.6848487854,-114.624610901
sn95060878,Yuma,AZ,32.6848487854,-114.624610901
sn84021912,Yuma,AZ,32.6848487854,-114.624610901
sn84021913,GlobeCity,AZ,34.2929649353,-111.66469574
sn82015133,Tucson,AZ,32.2215499878,-110.96975708
sn94052364,Florence,AZ,33.03881073,-111.387542725
sn85032938,Prescott,AZ,34.5414199829,-112.468727112
sn82014898,Prescott,AZ,34.5414199829,-112.468727112
sn89077833,Phoenix,AZ,33.4482498169,-112.075798035
sn84024827,Bisbee,AZ,31.4418296814,-109.914451599
sn96060796,Nogales,AZ,31.3378295898,-110.940063477
sn94050557,Clifton,AZ,33.0475692749,-109.293930054
sn94050506,Bisbee,AZ,31.4418296814,-109.914451599
sn94050513,Bisbee,AZ,31.4418296814,-109.914451599
sn87062055,Flagstaff,AZ,35.1982002258,-111.651298523
sn82016245,Flagstaff,AZ,35.1982002258,-111.651298523
sn87062054,Flagstaff,AZ,35.1982002258,-111.651298523
sn94050892,Clifton,AZ,33.0475692749,-109.293930054
sn89053851,Clifton,AZ,33.0475692749,-109.293930054
sn87082863,Globe,AZ,33.3957595825,-110.789123535
sn96060682,Tombstone,AZ,31.7142791748,-110.068328857
sn94052361,Tombstone,AZ,31.7142791748,-110.068328857
sn94050554,Flagstaff,AZ,35.1982002258,-111.651298523
sn94050572,Florence,AZ,33.03881073,-111.387542725
sn95070521,Tucson,AZ,32.2215499878,-110.96975708
sn95060914,Safford,AZ,32.8343696594,-109.708259583
sn94051342,Holbrook,AZ,34.9018096924,-110.160087585
sn95060791,Holbrook,AZ,34.9018096924,-110.160087585
sn96060547,Kingman,AZ,35.1888198853,-114.055427551
sn84024828,MineralPark,AZ,34.2929649353,-111.66469574
sn85032933,Arizola,AZ,32.8552207947,-111.721237183
sn87062082,Phoenix,AZ,33.4482498169,-112.075798035
sn83025460,Phoenix,AZ,33.4482498169,-112.075798035
sn2004060008,Safford,AZ,32.8343696594,-109.708259583
sn87062081,Phoenix,AZ,33.4482498169,-112.075798035
sn94050555,Flagstaff,AZ,35.1982002258,-111.651298523
sn95060581,StJohns,AZ,34.5067596436,-109.365592957
sn95060580,StJohns,AZ,34.5067596436,-109.365592957
sn95060582,StJohns,AZ,34.5067596436,-109.365592957
sn95060583,StJohns,AZ,34.5067596436,-109.365592957
sn94051692,StJohns,AZ,34.5067596436,-109.365592957
sn96060681,Tombstone,AZ,31.7142791748,-110.068328857
sn95060902,Tombstone,AZ,31.7142791748,-110.068328857
sn82016455,Tombstone,AZ,31.7142791748,-110.068328857
sn95060905,Tombstone,AZ,31.7142791748,-110.068328857
sn84021939,Tombstone,AZ,31.7142791748,-110.068328857
sn95060903,Tombstone,AZ,31.7142791748,-110.068328857
sn95060906,Tombstone,AZ,31.7142791748,-110.068328857
sn96060683,Tombstone,AZ,31.7142791748,-110.068328857
sn82016240,Tucson,AZ,32.2215499878,-110.96975708
sn85032920,Prescott,AZ,34.5414199829,-112.468727112
sn82014897,Prescott,AZ,34.5414199829,-112.468727112
sn82014899,Prescott,AZ,34.5414199829,-112.468727112
sn84024829,Tucson,AZ,32.2215499878,-110.96975708
sn82014067,Tubac,AZ,31.6122207642,-111.051841736
sn85032923,Prescott,AZ,34.5414199829,-112.468727112
sn94050504,Bisbee,AZ,31.4418296814,-109.914451599
sn83025459,Phoenix,AZ,33.4482498169,-112.075798035
sn89077832,Phoenix,AZ,33.4482498169,-112.075798035
sn82015761,Williams,AZ,35.25,-112.190750122
sn93060090,Fowler,MO,37.2329788208,-92.2159118652
sn93052980,Jackson,CA,38.3471183777,-120.773399353
sn82015732,SanFrancisco,CA,37.7771186829,-122.419639587
sn85042459,LosAngeles,CA,34.0534896851,-118.245323181
sn85042461,LosAngeles,CA,34.0534896851,-118.245323181
sn92070142,Imperial,CA,32.8474807739,-115.569519043
sn92070143,Imperial,CA,32.8474807739,-115.569519043
sn98061398,Imperial,CA,32.8474807739,-115.569519043
sn92070144,ElCentro,CA,32.7957992554,-115.569969177
sn92070146,ElCentro,CA,32.7957992554,-115.569969177
sn93062881,Llano,CA,34.4833717346,-117.835342407
sn84038806,LosAngeles,CA,34.0534896851,-118.245323181
sn85042460,LosAngeles,CA,34.0534896851,-118.245323181
sn85042462,LosAngeles,CA,34.0534896851,-118.245323181
sn84025968,LosAngeles,CA,34.0534896851,-118.245323181
sn94052989,SanFrancisco,CA,37.7771186829,-122.419639587
sn82015104,Sacramento,CA,38.5793304443,-121.490898132
sn82014381,Sacramento,CA,38.5793304443,-121.490898132
sn86064451,SanFrancisco,CA,37.7771186829,-122.419639587
sn85066387,SanFrancisco,CA,37.7771186829,-122.419639587
sn93062856,SaltLakeCity,UT,40.7603111267,-111.888221741
sn84022472,Bridgeport,CT,41.1818809509,-73.1912689209
sn92051227,Bridgeport,CT,41.1818809509,-73.1912689209
sn82014086,Norwich,CT,41.5489387512,-72.0952911377
sn82015536,Danbury,CT,41.3926811218,-73.4535903931
sn85025007,Alexandria,DC,38.9061889648,-77.0172653198
sn84025890,Washington,DC,38.8903694153,-77.0319595337
sn83027091,Washington,DC,38.8903694153,-77.0319595337
sn87062228,Washington,DC,38.8903694153,-77.0319595337
sn2008058171,Washington,DC,38.8903694153,-77.0319595337
2012271201,Barre,VT,44.1678085327,-72.4765701294
sn82014402,Washington,DC,38.8903694153,-77.0319595337
sn2008058170,Washington,DC,38.8903694153,-77.0319595337
sn83045461,Washington,DC,38.8903694153,-77.0319595337
sn86053572,Washington,DC,38.8903694153,-77.0319595337
sn86053570,Washington,DC,38.8903694153,-77.0319595337
sn82014424,Washington,DC,38.8903694153,-77.0319595337
sn82000195,Washington,DC,38.8903694153,-77.0319595337
sn83045462,Washington,DC,38.8903694153,-77.0319595337
sn84024441,Washington,DC,38.8903694153,-77.0319595337
sn82014159,Washington,DC,38.8903694153,-77.0319595337
sn84024442,Washington,DC,38.8903694153,-77.0319595337
sn82015056,Washington,DC,38.8903694153,-77.0319595337
sn82015130,Washington,DC,38.8903694153,-77.0319595337
sn86053573,Washington,DC,38.8903694153,-77.0319595337
sn86053571,Washington,DC,38.8903694153,-77.0319595337
sn82014760,Washington,DC,38.8903694153,-77.0319595337
sn82016187,Washington,DC,38.8903694153,-77.0319595337
sn82016357,Washington,DC,38.8903694153,-77.0319595337
sn82016351,Washington,DC,38.8903694153,-77.0319595337
sn82016373,Washington,DC,38.8903694153,-77.0319595337
sn85042682,Washington,DC,38.8903694153,-77.0319595337
sn82016352,Washington,DC,38.8903694153,-77.0319595337
sn82016353,Washington,DC,38.8903694153,-77.0319595337
sn85054468,Washington,DC,38.8903694153,-77.0319595337
sn84025891,Washington,DC,38.8903694153,-77.0319595337
sn2008058169,Washington,DC,38.8903694153,-77.0319595337
sn82000189,Washington,DC,38.8903694153,-77.0319595337
sn82000205,Washington,DC,38.8903694153,-77.0319595337
sn83045433,Washington,DC,38.8903694153,-77.0319595337
sn82016354,Washington,DC,38.8903694153,-77.0319595337
sn84026749,Washington,DC,38.8903694153,-77.0319595337
sn87062244,Washington,DC,38.8903694153,-77.0319595337
sn87062245,Washington,DC,38.8903694153,-77.0319595337
sn87062234,Washington,DC,38.8903694153,-77.0319595337
sn82016441,Washington,DC,38.8903694153,-77.0319595337
sn95047406,Starke,FL,29.9470005035,-82.1106033325
sn95047227,Arcadia,FL,27.2174301147,-81.8626327515
sn95047263,Chipley,FL,30.7805900574,-85.5385513306
sn96027213,Pensacola,FL,30.4208393097,-87.2172393799
sn93063916,Daytona,FL,29.2035694122,-81.0393981934
sn93059208,Daytona,FL,29.2035694122,-81.0393981934
sn95026908,Arcadia,FL,27.2174301147,-81.8626327515
sn92062121,DeLand,FL,29.0276203156,-81.3054428101
sn95026697,DeLand,FL,29.0276203156,-81.3054428101
sn96027724,DeLand,FL,29.0276203156,-81.3054428101
sn96027111,Titusville,FL,28.6080303192,-80.8079833984
sn96027172,FortPierce,FL,27.4486503601,-80.3266067505
sn95026977,Gainesville,FL,29.6519508362,-82.3231811523
sn95047242,Gainesville,FL,29.6519508362,-82.3231811523
sn95047378,Daytona,FL,29.2035694122,-81.0393981934
sn95047266,Crawfordville,FL,30.1762695312,-84.3754806519
sn95026788,LiveOak,FL,30.295999527,-82.9844589233
sn95047371,Tallahassee,FL,30.4397697449,-84.2806472778
sn95026701,Fernandina,FL,28.4930877686,-82.4722900391
sn95047178,Madison,FL,30.4689903259,-83.4100265503
sn88074815,Ocala,FL,29.1875190735,-82.1403884888
sn84027621,Ocala,FL,29.1875190735,-82.1403884888
2014271550,Ocala,FL,29.1875190735,-82.1403884888
sn78001466,Palatka,FL,29.6485290527,-81.6370315552
sn89070049,Palatka,FL,29.6485290527,-81.6370315552
sn95047297,Palatka,FL,29.6485290527,-81.6370315552
sn95047299,Palatka,FL,29.6485290527,-81.6370315552
sn95047298,Palatka,FL,29.6485290527,-81.6370315552
sn88084205,PanamaCity,FL,30.1598701477,-85.6603317261
sn87062268,Pensacola,FL,30.4208393097,-87.2172393799
sn95047324,PuntaGorda,FL,28.4930877686,-82.4722900391
sn95047348,SanMateoCity,FL,28.4930877686,-82.4722900391
sn89058426,FortPierce,FL,27.4486503601,-80.3266067505
sn95047216,Jacksonville,FL,30.3314704895,-81.6562194824
sn95026787,LiveOak,FL,30.295999527,-82.9844589233
sn96027438,Gainesville,FL,29.6519508362,-82.3231811523
sn95047416,Tallahassee,FL,30.4397697449,-84.2806472778
sn95047417,Tallahassee,FL,30.4397697449,-84.2806472778
sn82015209,Chattanooga,TN,35.0464401245,-85.309463501
sn82014371,Griffin,Ga,33.2471008301,-84.263458252
sn83045160,Memphis,TN,35.1497612,-90.0492477417
sn85038524,Winchester,TN,35.1865692139,-86.1120529175
sn85047152,Honolulu,HI,21.3048496246,-157.857757568
sn82016412,Honolulu,HI,21.3048496246,-157.857757568
sn85047239,Honolulu,HI,21.3048496246,-157.857757568
sn85047264,Honolulu,HI,21.3048496246,-157.857757568
sn82016408,Honolulu,TH,39.4432563782,-98.9573364258
sn82016413,HonoluluOahu,HI,19.5985164642,-155.518554688
sn82015411,Lihue,HT,39.4432563782,-98.9573364258
sn82016410,Honolulu,HI,21.3048496246,-157.857757568
sn85047059,Honolulu,HI,21.3048496246,-157.857757568
sn83025121,Honolulu,HI,21.3048496246,-157.857757568
sn82015415,Honolulu,HI,21.3048496246,-157.857757568
sn82016339,Hilo,HI,19.7192401886,-155.081848145
sn85047165,Honolulu,HI,21.3048496246,-157.857757568
sn82014682,Honolulu,HI,21.3048496246,-157.857757568
sn85047211,Honolulu,HI,21.3048496246,-157.857757568
sn85047097,Honolulu,HI,21.3048496246,-157.857757568
sn84020096,Honolulu,HI,21.3048496246,-157.857757568
sn82014689,Wailuku,HI,20.8876495361,-156.502243042
sn85047084,Honolulu,HI,21.3048496246,-157.857757568
sn82015418,Honolulu,HI,21.3048496246,-157.857757568
sn82015408,HonoluluOahu,HI,19.5985164642,-155.518554688
sn82015413,HonoluluOahu,HI,19.5985164642,-155.518554688
sn82014681,Honolulu,HI,21.3048496246,-157.857757568
sn89055016,BannockCity,ID,44.3890342712,-114.659416199
sn86091092,Caldwell,ID,43.6674385071,-116.692588806
sn88056165,Cottonwood,ID,46.0476989746,-116.349258423
sn88056159,Challis,ID,44.5048408508,-114.236816406
sn88056094,CoeurdAlene,ID,44.3890342712,-114.659416199
sn88056095,CoeurdAlene,ID,44.3890342712,-114.659416199
sn88056096,CoeurdAlene,ID,44.3890342712,-114.659416199
sn88056166,Cottonwood,ID,46.0476989746,-116.349258423
sn88056164,Cottonwood,ID,46.0476989746,-116.349258423
sn86091188,SalmonCity,ID,44.3890342712,-114.659416199
sn84022135,IdahoCity,ID,44.3890342712,-114.659416199
sn89055027,IdahoCity,ID,44.3890342712,-114.659416199
sn89055026,IdahoCity,ID,44.3890342712,-114.659416199
sn82015407,IdahoCity,ID,44.3890342712,-114.659416199
sn87008085,Newport,WA,48.1825408936,-117.043991089
sn86091172,Hailey,ID,43.521068573,-114.316436768
sn83016810,SaintPaul,MN,44.9438209534,-93.0933227539
sn92053944,RockIsland,IL,41.5115699768,-90.5760421753
sn84024055,SaltLakeCity,UT,40.7603111267,-111.888221741
sn93055779,Cairo,IL,37.0051002502,-89.1762695312
sn85033413,Cairo,IL,37.0051002502,-89.1762695312
sn88074142,Cairo,IL,37.0051002502,-89.1762695312
sn88074143,Cairo,IL,37.0051002502,-89.1762695312
sn84038364,Cairo,IL,37.0051002502,-89.1762695312
sn84025828,Chicago,IL,41.8842506409,-87.6324462891
sn92053942,RockIsland,IL,41.5115699768,-90.5760421753
sn87082573,Cairo,IL,37.0051002502,-89.1762695312
sn83045487,Chicago,IL,41.8842506409,-87.6324462891
sn84038628,RockIsland,IL,41.5115699768,-90.5760421753
sn92053240,Ottawa,IL,41.3465614319,-88.8426589966
sn92053241,Ottawa,IL,41.3465614319,-88.8426589966
sn82014968,Ottawa,IL,41.3465614319,-88.8426589966
sn92053237,Ottawa,IL,41.3465614319,-88.8426589966
sn84024082,JulietJoliet,IL,40.1139373779,-89.1587677002
sn84038582,Ottawa,IL,41.3465614319,-88.8426589966
sn92053933,RockIsland,IL,41.5115699768,-90.5760421753
sn92053934,RockIsland,IL,41.5115699768,-90.5760421753
sn92053941,RockIsland,IL,41.5115699768,-90.5760421753
sn92053943,RockIsland,IL,41.5115699768,-90.5760421753
sn85034301,RockIsland,IL,41.5115699768,-90.5760421753
sn92053945,RockIsland,IL,41.5115699768,-90.5760421753
sn83016811,SaintPaul,MN,44.9438209534,-93.0933227539
sn85048197,Brookville,IN,39.4302101135,-85.0112304688
sn86059058,Evansville,IN,37.9770812988,-87.5640487671
sn82015683,Indianapolis,IN,39.766910553,-86.1499633789
sn84038189,TerreHaute,IN,39.4664916992,-87.413230896
sn86059181,Evansville,IN,37.9770812988,-87.5640487671
sn82015672,Evansville,IN,37.9770812988,-87.5640487671
sn82014296,Evansville,IN,37.9770812988,-87.5640487671
sn84023882,Brookville,IN,39.4302101135,-85.0112304688
sn84023881,Brookville,IN,39.4302101135,-85.0112304688
sn82014301,Indianapolis,IN,39.766910553,-86.1499633789
sn82015677,Indianapolis,IN,39.766910553,-86.1499633789
sn82014306,Indianapolis,IN,39.766910553,-86.1499633789
sn87056600,Indianapolis,IN,39.766910553,-86.1499633789
sn83045241,Indianapolis,IN,39.766910553,-86.1499633789
sn82015464,Indianapolis,IN,39.766910553,-86.1499633789
sn82015679,Indianapolis,IN,39.766910553,-86.1499633789
sn84027490,Indianapolis,IN,39.766910553,-86.1499633789
sn83016223,Indianapolis,IN,39.766910553,-86.1499633789
sn84023963,Jasper,IN,38.3914489746,-86.9322433472
sn87056247,Plymouth,IN,41.3430900574,-86.3094863892
sn87056249,Plymouth,IN,41.3430900574,-86.3094863892
sn87056251,Plymouth,IN,41.3430900574,-86.3094863892
sn84038034,Plymouth,IN,41.3430900574,-86.3094863892
sn2007058207,Louisville,Ky,38.2548599243,-85.7664031982
sn87056241,Plymouth,IN,41.3430900574,-86.3094863892
sn84038005,Plymouth,IN,41.3430900574,-86.3094863892
sn87056240,Plymouth,IN,41.3430900574,-86.3094863892
sn87056243,Plymouth,IN,41.3430900574,-86.3094863892
sn87056244,Plymouth,IN,41.3430900574,-86.3094863892
sn87056242,Plymouth,IN,41.3430900574,-86.3094863892
sn87056248,Plymouth,IN,41.3430900574,-86.3094863892
sn86058541,Winchester,IN,40.1725196838,-84.9805526733
sn86058544,Winchester,IN,40.1725196838,-84.9805526733
sn86058545,Winchester,IN,40.1725196838,-84.9805526733
sn86058542,Winchester,IN,40.1725196838,-84.9805526733
sn87056250,Plymouth,IN,41.3430900574,-86.3094863892
sn87055779,SouthBend,IN,41.6790504456,-86.2540435791
sn82016350,TerreHaute,IN,39.4664916992,-87.413230896
sn82014286,Indianapolis,IN,39.766910553,-86.1499633789
sn87056245,Plymouth,IN,41.3430900574,-86.3094863892
sn86058543,Winchester,IN,40.1725196838,-84.9805526733
sn84038255,Winchester,IN,40.1725196838,-84.9805526733
sn85049804,DesMoines,IA,41.5897598267,-93.6156463623
sn87058075,Cresco,IA,43.3711090088,-92.1194076538
sn87057262,Keokuk,IA,40.3969612122,-91.3845672607
sn83025182,Keokuk,IA,40.3969612122,-91.3845672607
sn87058145,Davenport,IA,41.5382614136,-90.5764007568
sn84038095,Denison,IA,42.0123405457,-95.3545303345
sn85049554,Marshalltown,IA,42.0497703552,-92.9080200195
sn83025186,DesMoines,IA,41.5897598267,-93.6156463623
sn87057096,Leon,IA,40.739490509,-93.7474594116
sn84038306,Manchester,IA,42.4839782715,-91.45728302
sn86061216,Ottumwa,IA,41.0201187134,-92.4157409668
sn86061215,Ottumwa,IA,41.0201187134,-92.4157409668
sn84027107,Davenport,IA,41.5382614136,-90.5764007568
sn88059319,Cresco,IA,43.3711090088,-92.1194076538
sn85050913,WebsterCity,IA,42.4693984985,-93.8164901733
sn84029385,Abilene,KS,38.9164390564,-97.2139282227
sn84029386,Abilene,KS,38.9164390564,-97.2139282227
sn85032019,Topeka,KS,39.0492782593,-95.6711807251
sn85031982,Topeka,KS,39.0492782593,-95.6711807251
sn85032018,Topeka,KS,39.0492782593,-95.6711807251
sn85029079,Meriden,KS,39.191078186,-95.5708618164
sn82015080,MedicineLodge,KS,38.4847259521,-98.3801727295
sn83040198,GreatBend,KS,38.3660087585,-98.7651367188
sn83040592,BaxterSprings,KS,38.4847259521,-98.3801727295
sn84027640,Marysville,KS,39.8421516418,-96.6450119019
sn85030529,Chanute,KS,37.6822395325,-95.4517974854
sn83045705,Wichita,KS,37.6869812012,-97.3355789185
sn84029838,DodgeCity,KS,37.752658844,-100.018669128
sn82016419,Emporia,KS,38.4056015015,-96.1801605225
sn85030221,Emporia,KS,38.4056015015,-96.1801605225
sn84029696,Hays,KS,38.870929718,-99.3322677612
sn95063180,PrairieCity,KS,38.4847259521,-98.3801727295
sn84029853,DodgeCity,KS,37.752658844,-100.018669128
sn85030821,Goodland,KS,39.3657302856,-101.711967468
sn84029690,Hays,KS,38.870929718,-99.3322677612
sn85030687,Hutchinson,KS,38.0572509766,-97.9326782227
sn85029094,Oskaloosa,KS,39.2154808044,-95.3123321533
sn83040340,Iola,KS,37.921421051,-95.4060897827
sn83040052,Garnett,KS,38.2788314819,-95.2431411743
sn82006863,Wakarusa,KS,38.8888282776,-95.6968917847
sn85029297,Leavenworth,KS,39.3192710876,-94.9156036377
sn85030219,Emporia,KS,38.4056015015,-96.1801605225
sn84029671,Kinsley,KS,37.9223098755,-99.4099197388
sn84027691,Leavenworth,KS,39.3192710876,-94.9156036377
sn85029856,Liberal,KS,37.0323791504,-100.925209045
sn85030287,Meade,KS,37.2854881287,-100.340690613
sn85032801,Wellington,KS,37.2691917419,-97.4019470215
sn85029677,Phillipsburg,KS,39.7564506531,-99.3260116577
sn84027670,Salina,KS,38.8405418396,-97.609703064
sn84030186,JunctionCity,KS,39.0282592773,-96.8304595947
sn82015827,Atchison,KS,39.5608596802,-95.1284179688
sn85032814,Colby,KS,39.3970718384,-101.045196533
sn82016014,Topeka,KS,39.0492782593,-95.6711807251
sn82015484,Troy,KS,39.7898483276,-95.0903320312
sn82015485,WaKeeney,KS,39.0213813782,-99.8830718994
sn82015486,WhiteCloud,KS,38.4847259521,-98.3801727295
sn85032573,Wichita,KS,37.6869812012,-97.3355789185
sn82014635,Wichita,KS,37.6869812012,-97.3355789185
sn83045789,Wichita,KS,37.6869812012,-97.3355789185
sn85032490,Wichita,KS,37.6869812012,-97.3355789185
sn85032575,Wichita,KS,37.6869812012,-97.3355789185
sn86069496,Columbia,Ky,37.1024208069,-85.3056411743
sn93062854,Louisville,Ky,38.2548599243,-85.7664031982
sn87060004,Earlington,Ky,37.2738113403,-87.5120773315
sn83004226,Louisa,Ky,38.1140289307,-82.6042327881
sn86069867,Lexington,Ky,38.0485916138,-84.5003204346
sn86069873,Paris,Ky,38.209728241,-84.2526779175
sn86069871,Millersburg,Ky,38.3000488281,-84.149230957
sn86069667,Jackson,Ky,37.5581016541,-83.3780136108
sn86069309,Cloverport,Ky,37.8371200562,-86.6322631836
sn86069201,Lancaster,Ky,37.619178772,-84.5787277222
sn85052076,Berea,Ky,37.5701789856,-84.2929611206
sn86069657,ClayCity,Ky,37.5272331238,-85.2876205444
sn86069164,Richmond,Ky,37.7488098145,-84.2975692749
sn86069161,Richmond,Ky,37.7488098145,-84.2975692749
sn86069461,Marion,Ky,37.3316993713,-88.0815124512
sn86069457,Marion,Ky,37.3316993713,-88.0815124512
sn86069460,Marion,Ky,37.3316993713,-88.0815124512
sn86069456,Marion,Ky,37.3316993713,-88.0815124512
sn86069458,Marion,Ky,37.3316993713,-88.0815124512
sn86069124,Maysville,Ky,38.6453895569,-83.7601394653
sn87060189,Maysville,Ky,38.6453895569,-83.7601394653
sn86069396,Hopkinsville,Ky,36.8672485352,-87.4877166748
sn86069397,Hopkinsville,Ky,36.8672485352,-87.4877166748
sn86069117,Maysville,Ky,38.6453895569,-83.7601394653
sn86069393,Hopkinsville,Ky,36.8672485352,-87.4877166748
sn86069123,Maysville,Ky,38.6453895569,-83.7601394653
sn86069125,Maysville,Ky,38.6453895569,-83.7601394653
sn87060190,Maysville,Ky,38.6453895569,-83.7601394653
sn82015050,Louisville,Ky,38.2548599243,-85.7664031982
sn86069848,Frankfort,Ky,38.1950683594,-84.878692627
sn86069849,Frankfort,Ky,38.1950683594,-84.878692627
sn84037890,Hartford,Ky,37.4510307312,-86.9089431763
sn86069313,Hartford,Ky,37.4510307312,-86.9089431763
sn86063242,HazelGreen,Ky,37.7978515625,-83.4161682129
sn85052141,Hickman,Ky,36.5724182129,-89.1965866089
sn86069395,Hopkinsville,Ky,36.8672485352,-87.4877166748
sn84038328,Stanford,Ky,37.5295715332,-84.6597671509
sn85052021,Stanford,Ky,37.5295715332,-84.6597671509
sn85052023,Stanford,Ky,37.5295715332,-84.6597671509
sn86069240,Lawrenceburg,Ky,38.0371894836,-84.8958435059
sn86069398,Hopkinsville,Ky,36.8672485352,-87.4877166748
sn86069180,Louisville,Ky,38.2548599243,-85.7664031982
sn86069167,Richmond,Ky,37.7488098145,-84.2975692749
sn86069325,Owensboro,Ky,37.7742118835,-87.1135101318
sn2007058208,Owenboro,Ky,37.7742118835,-87.1135101318
sn86069074,Lexington,Ky,38.0485916138,-84.5003204346
sn83025729,Lexington,Ky,38.0485916138,-84.5003204346
sn86069070,Lexington,Ky,38.0485916138,-84.5003204346
sn88061275,LaCenter,Ky,37.0766601562,-88.9735870361
sn86069643,WestLiberty,Ky,37.9229698181,-83.2595825195
sn86069163,Richmond,Ky,37.7488098145,-84.2975692749
sn84038223,Maysville,Ky,38.6453895569,-83.7601394653
sn86069561,MtVernon,Ky,37.3530883789,-84.3431015015
sn87060032,Barbourville,Ky,36.8656997681,-83.8876724243
sn86069560,MountVernon,Ky,37.3530883789,-84.3431015015
sn86069675,MtSterling,Ky,37.5272331238,-85.2876205444
sn2007058207,Louisville,Ky,38.2548599243,-85.7664031982
sn86069620,Owingsville,Ky,38.1451416016,-83.7620925903
sn85052118,Paducah,Ky,37.0857086182,-88.5958480835
sn85052114,Paducah,Ky,37.0857086182,-88.5958480835
sn85052116,Paducah,Ky,37.0857086182,-88.5958480835
sn85052117,Paducah,Ky,37.0857086182,-88.5958480835
sn85052115,Paducah,Ky,37.0857086182,-88.5958480835
sn85038022,Maysville,Ky,38.6453895569,-83.7601394653
sn87060049,Greenville,Ky,37.2006912231,-87.1784591675
sn86069162,Richmond,Ky,37.7488098145,-84.2975692749
sn86069165,Richmond,Ky,37.7488098145,-84.2975692749
sn86069168,Richmond,Ky,37.7488098145,-84.2975692749
sn86069872,Paris,Ky,38.209728241,-84.2526779175
sn85052020,Stanford,Ky,37.5295715332,-84.6597671509
sn86069394,Hopkinsville,Ky,36.8672485352,-87.4877166748
sn86069392,Hopkinsville,Ky,36.8672485352,-87.4877166748
sn88061168,SpoutSprings,Ky,37.5272331238,-85.2876205444
sn85052022,Stanford,Ky,37.5295715332,-84.6597671509
sn85052182,Paducah,Ky,37.0857086182,-88.5958480835
sn86069459,Marion,Ky,37.3316993713,-88.0815124512
sn86069847,Frankfort,Ky,38.1950683594,-84.878692627
sn86069133,Winchester,Ky,37.9928016663,-84.1792297363
sn88064057,Abbeville,La,29.9733295441,-92.1357498169
sn89059000,Marksville,La,31.1249294281,-92.0624313354
sn88064237,LakeProvidence,La,30.9665107727,-91.8519058228
sn86053661,BatonRouge,La,30.4433403015,-91.1869888306
sn82003383,BatonRouge,La,30.4433403015,-91.1869888306
sn88064069,Arcadia,La,32.5494308472,-92.921257019
sn88064055,Bogalusa,La,30.7906208038,-89.8643035889
sn88064054,Bogalusa,La,30.7906208038,-89.8643035889
sn88064181,Columbia,La,32.1062088013,-92.0774307251
sn88064165,Carrollton,La,29.9404506683,-90.1172409058
sn88064469,Shreveport,La,32.5146102905,-93.7472686768
sn86053765,Alexandria,La,31.3126602173,-92.4456787109
sn88064118,Homer,La,32.7915992737,-93.055519104
sn88064176,Colfax,La,31.5193996429,-92.7063217163
sn88064175,Colfax,La,31.5193996429,-92.7063217163
sn88064358,Winnfield,La,31.9258403778,-92.6401367188
sn83016716,Vidalia,La,31.5640506744,-91.4251480103
sn87090135,Vidalia,La,31.5640506744,-91.4251480103
sn85038570,Alexandria,La,31.3126602173,-92.4456787109
sn83016548,BatonRouge,La,30.4433403015,-91.1869888306
sn82015378,NewOrleans,La,29.9536991119,-90.0777511597
sn88083120,BatonRouge,La,30.4433403015,-91.1869888306
sn88064499,Monroe,La,32.5098304749,-92.1187896729
sn85034248,Donaldsonville,La,30.1056003571,-90.985458374
sn88064305,Franklinton,La,30.8477706909,-90.1538619995
sn88067030,Clinton,La,30.866230011,-91.0178375244
sn88064555,StFrancisville,La,30.781419754,-91.3770675659
sn86053832,Plaquemine,La,30.2890300751,-91.2350311279
sn88064020,NewOrleans,La,29.9536991119,-90.0777511597
sn88064119,Homer,La,32.7915992737,-93.055519104
sn83026391,Houma,La,29.5973300934,-90.7191314697
sn88064122,Houma,La,29.5973300934,-90.7191314697
sn88064676,Jennings,La,30.220790863,-92.6583023071
sn86079068,Lafayette,La,30.2203197479,-92.0170516968
sn88064111,Lafayette,La,30.2203197479,-92.0170516968
sn93062881,Llano,CA,34.4833717346,-117.835342407
sn88064592,BatonRouge,La,30.4433403015,-91.1869888306
sn86079083,Lafayette,La,30.2203197479,-92.0170516968
sn82003389,Alexandria,La,31.3126602173,-92.4456787109
sn88071004,Natchitoches,La,31.7609500885,-93.0869827271
sn82015038,Convent,La,30.0206394196,-90.8299789429
sn83016630,NewOrleans,La,29.9536991119,-90.0777511597
sn88064433,PointealaHache,La,30.9665107727,-91.8519058228
sn88064459,Alexandria,La,31.3126602173,-92.4456787109
sn88064430,Tallulah,La,32.4082603455,-91.1861495972
sn88064405,Tallulah,La,32.4082603455,-91.1861495972
sn88064005,Abbeville,La,29.9733295441,-92.1357498169
sn86079080,Lucy,La,30.0468997955,-90.507598877
sn84020177,Bringier,La,30.9665107727,-91.8519058228
sn86053659,Bastrop,La,32.7782516479,-91.9150466919
sn88064293,MorganCity,La,30.9665107727,-91.8519058228
sn88064473,BatonRouge,La,30.4433403015,-91.1869888306
sn86086284,NewOrleans,La,29.9536991119,-90.0777511597
sn88064317,Natchitoches,La,31.7609500885,-93.0869827271
sn88064439,Natchitoches,La,31.7609500885,-93.0869827271
sn88064630,Natchitoches,La,31.7609500885,-93.0869827271
sn84020181,Natchitoches,La,31.7609500885,-93.0869827271
sn88064328,NewIberia,La,30.9665107727,-91.8519058228
sn88064327,NewIberia,La,30.9665107727,-91.8519058228
sn86079018,NewOrleans,La,29.9536991119,-90.0777511597
sn82015775,NewOrleans,La,29.9536991119,-90.0777511597
sn82015753,NewOrleans,La,29.9536991119,-90.0777511597
sn83026413,NewOrleans,La,29.9536991119,-90.0777511597
sn83016555,NewOrleans,La,29.9536991119,-90.0777511597
sn83026389,Opelousas,La,30.5330104828,-92.0823822021
sn86079077,Opelousas,La,30.5330104828,-92.0823822021
sn86079076,Opelousas,La,30.5330104828,-92.0823822021
sn85034336,Monroe,La,32.5098304749,-92.1187896729
sn88064299,Glenmora,La,30.9759407043,-92.5852432251
sn88064368,NewOrleans,La,29.9536991119,-90.0777511597
sn85038558,Natchitoches,La,31.7609500885,-93.0869827271
sn88064275,Napoleonville,La,29.9409103394,-91.0234680176
sn86090609,Napoleonville,La,29.9409103394,-91.0234680176
sn86053688,Franklin,La,29.7920207977,-91.4983596802
sn86053686,FalseRiverieNewRoads,La,30.9665107727,-91.8519058228
sn88064460,Shreveport,La,32.5146102905,-93.7472686768
sn86090827,Alexandria,La,31.3126602173,-92.4456787109
sn87091084,Monroe,La,32.5098304749,-92.1187896729
sn88064402,Welsh,La,30.2321796417,-92.8221206665
sn86079088,Rayville,La,32.4775009155,-91.7566070557
sn83016631,NewOrleans,La,29.9536991119,-90.0777511597
sn86053712,Natchitoches,La,31.7609500885,-93.0869827271
sn88064481,Shreveport,La,32.5146102905,-93.7472686768
sn89059463,StFrancisville,La,30.781419754,-91.3770675659
sn86079090,Shreveport,La,32.5146102905,-93.7472686768
sn86053854,Thibodaux,La,29.7955207825,-90.8225326538
sn88064478,Shreveport,La,32.5146102905,-93.7472686768
sn83016485,Shreveport,La,32.5146102905,-93.7472686768
sn83016484,Shreveport,La,32.5146102905,-93.7472686768
sn88064479,Shreveport,La,32.5146102905,-93.7472686768
sn88064482,Shreveport,La,32.5146102905,-93.7472686768
sn88064480,Shreveport,La,32.5146102905,-93.7472686768
sn88064477,Shreveport,La,32.5146102905,-93.7472686768
sn83016483,Shreveport,La,32.5146102905,-93.7472686768
sn88064428,Winnfield,La,31.9258403778,-92.6401367188
sn88064476,Plaquemine,La,30.2890300751,-91.2350311279
sn85034322,Hahnville,La,29.9734096527,-90.4061126709
sn88064250,Opelousas,La,30.5330104828,-92.0823822021
sn88064537,Opelousas,La,30.5330104828,-92.0823822021
sn83016702,Opelousas,La,30.5330104828,-92.0823822021
sn88064384,Franklin,La,29.7920207977,-91.4983596802
sn82015387,Covington,La,30.4796791077,-90.0952987671
sn88064249,Opelousas,La,30.5330104828,-92.0823822021
sn86079096,WestBatonRouge,La,30.9665107727,-91.8519058228
sn87090131,StJoseph,La,31.9178791046,-91.232749939
sn88064094,Thibodaux,La,29.7955207825,-90.8225326538
sn86079110,Thibodaux,La,29.7955207825,-90.8225326538
sn88064491,Thibodaux,La,29.7955207825,-90.8225326538
sn83016527,NewOrleans,La,29.9536991119,-90.0777511597
sn88064339,BayouSara,La,30.9665107727,-91.8519058228
sn88064278,Leesville,La,31.1432495117,-93.2643966675
sn88064458,NewOrleans,La,29.9536991119,-90.0777511597
sn86053662,BatonRouge,La,30.4433403015,-91.1869888306
sn83016632,NewOrleans,La,29.9536991119,-90.0777511597
sn88064454,StMartinsville,La,30.9665107727,-91.8519058228
sn88064492,Thibodaux,La,29.7955207825,-90.8225326538
sn88064490,Thibodaux,La,29.7955207825,-90.8225326538
sn88064554,StFrancisville,La,30.781419754,-91.3770675659
sn89059303,BatonRouge,La,30.4433403015,-91.1869888306
sn83009567,Baltimore,Md,39.2905807495,-76.6092605591
sn83009597,Baltimore,Md,39.2905807495,-76.6092605591
sn83009569,Baltimore,Md,39.2905807495,-76.6092605591
sn83016179,Cumberland,Md,39.6517715454,-78.7633285522
sn83009573,Baltimore,Md,39.2905807495,-76.6092605591
sn83045081,Baltimore,Md,39.2905807495,-76.6092605591
sn83016118,Baltimore,Md,39.2905807495,-76.6092605591
sn84026707,Hagerstown,Md,39.6425018311,-77.7175827026
sn83016475,Baltimore,Md,39.2905807495,-76.6092605591
sn83016474,Baltimore,Md,39.2905807495,-76.6092605591
2012271201,Barre,Vt,44.1678085327,-72.4765701294
sn95077631,Alpena,MI,45.0615615845,-83.4451522827
sn85033549,Alpena,MI,45.0615615845,-83.4451522827
sn86086633,Calumet,MI,47.2859611511,-88.4071731567
sn85033611,Dowagiac,MI,41.9837303162,-86.1095581055
sn96076839,EastJordan,MI,44.8626174927,-85.7351379395
sn83016620,Constantine,MI,41.8421516418,-85.667388916
sn86086632,Calumet,MI,47.2859611511,-88.4071731567
2013218776,Dearborn,MI,42.3220901489,-83.1762390137
sn97063063,EastSaginaw,MI,44.8626174927,-85.7351379395
sn85033622,GrandHaven,MI,43.0629501343,-86.2259979248
sn2001061779,GrandRapids,MI,42.9664115906,-85.6711807251
sn85026466,GrandHaven,MI,43.0629501343,-86.2259979248
sn85026455,Cheboygan,MI,45.645401001,-84.4761276245
sn97070614,Owosso,MI,42.9975814819,-84.1762466431
sn2003060105,Owosso,MI,42.9975814819,-84.1762466431
sn98066392,GrandRapids,MI,42.9664115906,-85.6711807251
sn96077385,Owosso,MI,42.9975814819,-84.1762466431
sn85033781,PawPaw,MI,44.8626174927,-85.7351379395
sn2006060001,BrockwayCentre,MI,44.8626174927,-85.7351379395
sn98066406,Yale,MI,43.1308288574,-82.7983398438
sn85026593,Ypsilanti,MI,42.2408103943,-83.6130905151
sn83016810,SaintPaul,MN,44.9438209534,-93.0933227539
sn86063381,Bemidji,MN,47.4731407166,-94.8796463013
sn90059048,Bemidji,MN,47.4731407166,-94.8796463013
sn90060625,GrandMarais,MN,47.7504081726,-90.335067749
sn83016544,GrandMarais,MN,47.7504081726,-90.335067749
sn83025287,StPaul,MN,44.9438209534,-93.0933227539
sn90059049,Bemidji,MN,47.4731407166,-94.8796463013
sn89064940,NewUlm,MN,46.3493614197,-94.1983718872
sn89064562,RedWing,MN,44.5665817261,-92.5343475342
sn85025567,RedWing,MN,44.5665817261,-92.5343475342
sn78000395,Duluth,MN,46.7879600525,-92.0998535156
sn89064515,LittleFalls,MN,45.977180481,-94.3707962036
sn89064525,LittleFalls,MN,45.977180481,-94.3707962036
sn89064526,LittleFalls,MN,45.977180481,-94.3707962036
sn83045366,Minneapolis,MN,44.9790306091,-93.2649307251
sn84031595,SaintPaul,MN,44.9438209534,-93.0933227539
sn85025431,Lansing,MN,43.7466506958,-92.9705200195
sn89074444,Minneapolis,MN,44.9790306091,-93.2649307251
sn89081128,NewUlm,MN,46.3493614197,-94.1983718872
sn89064939,NewUlm,MN,46.3493614197,-94.1983718872
sn89074443,Fargo,ND,46.8759117126,-96.7817611694
sn83045350,StCloud,MN,45.5542984009,-94.1343994141
sn90059028,Wadena,MN,46.4351501465,-95.1413803101
sn83016758,Princeton,MN,45.579208374,-93.5845870972
sn83016853,WhiteEarth,MN,46.3493614197,-94.1983718872
sn90059061,RedLake,MN,47.8765792847,-95.0148010254
sn85025569,RedWing,MN,44.5665817261,-92.5343475342
sn90059523,StPaul,MN,44.9438209534,-93.0933227539
sn83016836,SaintCloud,MN,45.5542984009,-94.1343994141
sn85033526,StCloud,MN,45.5542984009,-94.1343994141
sn85025584,StCloud,MN,45.5542984009,-94.1343994141
sn90059522,SaintPaul,MN,44.9438209534,-93.0933227539
sn89064695,WhiteEarth,MN,46.3493614197,-94.1983718872
sn90059180,Virginia,MN,47.5227394104,-92.5329666138
sn90059228,Warren,MN,48.1950912476,-96.7723388672
sn85033535,Worthington,MN,43.6199989319,-95.5963973999
sn83016811,SaintPaul,MN,44.9438209534,-93.0933227539
sn89081022,Willmar,MN,45.1218986511,-95.043296814
sn85025620,Worthington,MN,43.6199989319,-95.5963973999
2012218595,Worthington,MN,43.6199989319,-95.5963973999
sn83016739,Canton,MS,32.6125907898,-90.0347824097
sn83016736,Canton,MS,32.6125907898,-90.0347824097
sn87065294,Kosciusko,MS,33.0647392273,-89.5902709961
sn86074098,Canton,MS,32.6125907898,-90.0347824097
sn86053970,Canton,MS,32.6125907898,-90.0347824097
sn85034299,Canton,MS,32.6125907898,-90.0347824097
sn86074075,Canton,MS,32.6125907898,-90.0347824097
sn87065295,Kosciusko,MS,33.0647392273,-89.5902709961
sn87065296,Kosciusko,MS,33.0647392273,-89.5902709961
sn87065527,Pascagoula,MS,30.3652801514,-88.5563964844
sn83016925,Jackson,MS,32.2986907959,-90.1804885864
sn87065028,Columbus,MS,33.4950294495,-88.4288024902
sn83016867,Columbus,MS,33.4950294495,-88.4288024902
sn87065030,Columbus,MS,33.4950294495,-88.4288024902
sn87065032,Columbus,MS,33.4950294495,-88.4288024902
sn87065033,Columbus,MS,33.4950294495,-88.4288024902
sn87065034,Columbus,MS,33.4950294495,-88.4288024902
sn85038603,Jackson,MS,32.2986907959,-90.1804885864
sn83016788,HollySprings,MS,34.7689781189,-89.4485931396
sn83016892,Meridian,MS,32.3650817871,-88.7030792236
sn83045232,Jackson,MS,32.2986907959,-90.1804885864
sn83045230,Jackson,MS,32.2986907959,-90.1804885864
sn87065516,Sardis,MS,34.4370002747,-89.9157867432
sn83016865,Columbus,MS,33.4950294495,-88.4288024902
sn84020047,Paulding,MS,32.0296783447,-89.0382995605
sn87090126,Jackson,MS,32.2986907959,-90.1804885864
sn83016794,Jackson,MS,32.2986907959,-90.1804885864
sn85034374,Greenville,MS,33.3984413147,-91.0378036499
sn83016785,HollySprings,MS,34.7689781189,-89.4485931396
sn87065188,HollySprings,MS,34.7689781189,-89.4485931396
sn87090028,HollySprings,MS,34.7689781189,-89.4485931396
sn87065340,Carrollton,MS,33.5078887939,-89.9195709229
sn87065205,Houston,MS,33.896270752,-89.0001602173
sn83016863,Canton,MS,32.6125907898,-90.0347824097
sn87065298,Kosciusko,MS,33.0647392273,-89.5902709961
sn87065297,Kosciusko,MS,33.0647392273,-89.5902709961
sn83016940,Kosciusko,MS,33.0647392273,-89.5902709961
sn87065337,Lexington,MS,33.1146392822,-90.0528106689
sn83016942,Liberty,MS,31.1581192017,-90.8094482422
sn87065355,Louisville,MS,33.1240386963,-89.0553894043
sn87065517,Panola,MS,32.7239761353,-89.6571731567
sn83016943,Macon,MS,33.105758667,-88.5611190796
sn86074078,Canton,MS,32.6125907898,-90.0347824097
sn86074079,Canton,MS,32.6125907898,-90.0347824097
sn83016784,HollySprings,MS,34.7689781189,-89.4485931396
sn87065199,HollySprings,MS,34.7689781189,-89.4485931396
sn83045160,Memphis,TN,35.1497612,-90.0492477417
sn83016872,Canton,MS,32.6125907898,-90.0347824097
sn86053972,Carrollton,MS,33.5078887939,-89.9195709229
sn87065518,Panola,MS,32.7239761353,-89.6571731567
sn83016883,HollySprings,MS,34.7689781189,-89.4485931396
sn88067163,OceanSprings,MS,30.4162807465,-88.8081436157
sn87065462,Okolona,MS,34.0016517639,-88.7542495728
sn87090127,Oxford,MS,34.3640213013,-89.5189437866
sn85038605,Oxford,MS,34.3640213013,-89.5189437866
sn87065471,Oxford,MS,34.3640213013,-89.5189437866
sn87065473,Oxford,MS,34.3640213013,-89.5189437866
sn87065519,Panola,MS,32.7239761353,-89.6571731567
sn87065520,Panola,MS,32.7239761353,-89.6571731567
sn87065521,Panola,MS,32.7239761353,-89.6571731567
sn87065522,Sardis,MS,34.4370002747,-89.9157867432
sn87065531,Pascagoula,MS,30.3652801514,-88.5563964844
sn87065532,Pascagoula,MS,30.3652801514,-88.5563964844
sn86090537,Columbus,MS,33.4950294495,-88.4288024902
sn87065417,Monticello,MS,31.5538196564,-90.1078796387
sn83016939,Liberty,MS,31.1581192017,-90.8094482422
sn87065654,Liberty,MS,31.1581192017,-90.8094482422
sn87090168,Ponolasic,MS,32.7239761353,-89.6571731567
sn87065038,Columbus,MS,33.4950294495,-88.4288024902
sn88067162,OceanSprings,MS,30.4162807465,-88.8081436157
sn84020048,Ripley,MS,34.7296485901,-88.9478530884
sn87065590,Ripley,MS,34.7296485901,-88.9478530884
sn87065543,Rodney,MS,31.8627490997,-91.1840667725
sn83016884,Columbus,MS,33.4950294495,-88.4288024902
sn87065204,HollySprings,MS,34.7689781189,-89.4485931396
sn83016789,HollySprings,MS,34.7689781189,-89.4485931396
sn83016864,Clinton,MS,32.3376502991,-90.3294296265
sn86074084,Carrollton,MS,33.5078887939,-89.9195709229
sn83016866,Columbus,MS,33.4950294495,-88.4288024902
sn87065523,Panola,MS,32.7239761353,-89.6571731567
sn87065592,Rodney,MS,31.8627490997,-91.1840667725
sn87065304,Kosciusko,MS,33.0647392273,-89.5902709961
sn85034469,Pascagoula,MS,30.3652801514,-88.5563964844
sn87065713,YazooCity,MS,32.7239761353,-89.6571731567
sn83016737,Canton,MS,32.6125907898,-90.0347824097
sn87065542,Paulding,MS,32.0296783447,-89.0382995605
sn87090488,Vicksburg,MS,32.3500404358,-90.8815536499
sn87065698,YazooCity,MS,32.7239761353,-89.6571731567
sn83016926,Jackson,MS,32.2986907959,-90.1804885864
sn87090237,Vicksburg,MS,32.3500404358,-90.8815536499
sn87065649,Jackson,MS,32.2986907959,-90.1804885864
sn83016951,Panola,MS,32.7239761353,-89.6571731567
sn86074081,Canton,MS,32.6125907898,-90.0347824097
sn87090169,Ponolasic,MS,32.7239761353,-89.6571731567
sn86074085,Carrollton,MS,33.5078887939,-89.9195709229
sn86074086,Carrollton,MS,33.5078887939,-89.9195709229
sn83016941,Lexington,MS,33.1146392822,-90.0528106689
sn87065674,Woodville,MS,31.1040897369,-91.2978134155
sn84020021,Woodville,MS,31.1040897369,-91.2978134155
sn84020023,Woodville,MS,31.1040897369,-91.2978134155
sn87065677,Woodville,MS,31.1040897369,-91.2978134155
sn87065697,YazooCity,MS,32.7239761353,-89.6571731567
sn87065696,YazooCity,MS,32.7239761353,-89.6571731567
sn87065694,YazooCity,MS,32.7239761353,-89.6571731567
sn84020019,Yazoo,MS,32.8477897644,-90.4150314331
sn87065704,YazooCity,MS,32.7239761353,-89.6571731567
sn87065695,YazooCity,MS,32.7239761353,-89.6571731567
sn85034076,Savannah,Mo,39.9466781616,-94.8308105469
sn83016957,Fayette,Mo,39.1461486816,-92.683883667
sn86063289,Butler,Mo,38.2573890686,-94.3432922363
sn89066489,Butler,Mo,38.2573890686,-94.3432922363
sn89066619,CapeGirardeau,Mo,37.3027114868,-89.5445327759
sn89066818,CapeGirardeau,Mo,37.3027114868,-89.5445327759
sn89066594,CapeGirardeau,Mo,37.3027114868,-89.5445327759
sn88068010,Keytesville,Mo,39.4331817627,-92.938621521
sn89066316,Columbia,Mo,38.9522094727,-92.3341522217
sn90061416,Oregon,Mo,39.9871482849,-95.1429977417
sn89066349,Chillicothe,Mo,39.7902183533,-93.5536117554
sn89066314,Columbia,Mo,38.9522094727,-92.3341522217
sn89066057,BowlingGreen,Mo,39.3446311951,-91.2032012939
sn89066315,Columbia,Mo,38.9522094727,-92.3341522217
sn87052181,SteGenevieve,Mo,38.3679656982,-92.4778823853
sn89067453,Memphis,Mo,40.4594612122,-92.1722564697
sn89066995,Farmington,Mo,37.7804298401,-90.4204330444
sn86054033,Farmington,Mo,37.7804298401,-90.4204330444
sn89066996,Farmington,Mo,37.7804298401,-90.4204330444
sn87067037,Hermann,Mo,38.7047080994,-91.4378433228
sn89066163,Glasgow,Mo,39.2268714905,-92.8469314575
sn86063325,Glasgow,Mo,39.2268714905,-92.8469314575
sn87091070,Hannibal,Mo,39.7035484314,-91.3761520386
sn87091069,Hannibal,Mo,39.7035484314,-91.3761520386
sn89067494,Hannibal,Mo,39.7035484314,-91.3761520386
sn89066651,Hayti,Mo,36.2339515686,-89.7497634888
sn85034180,Hermann,Mo,38.7047080994,-91.4378433228
sn86054053,Hermann,Mo,38.7047080994,-91.4378433228
sn93060116,Hermann,Mo,38.7047080994,-91.4378433228
sn90061417,Oregon,Mo,39.9871482849,-95.1429977417
sn85034039,Oregon,Mo,39.9871482849,-95.1429977417
sn89066162,Glasgow,Mo,39.2268714905,-92.8469314575
sn93060412,Lexington,Mo,39.1854782104,-93.8803787231
sn84024283,Ironton,Mo,37.6074714661,-90.6281433105
sn89066620,Jackson,Mo,37.383480072,-89.6672515869
sn90061052,Jasper,Mo,37.3398208618,-94.3025970459
sn86063624,KansasCity,Mo,39.1029510498,-94.5830764771
sn86063615,KansasCity,Mo,39.1029510498,-94.5830764771
sn90061556,KansasCity,Mo,39.1029510498,-94.5830764771
sn89066129,Laclede,Mo,39.7866706848,-93.1741333008
sn86063623,Lexington,Mo,39.1854782104,-93.8803787231
sn87052143,Lexington,Mo,39.1854782104,-93.8803787231
sn90061771,Troy,Mo,38.986289978,-90.9820709229
sn89066901,Mansfield,Mo,37.1065101624,-92.5815582275
sn89066919,Mansfield,Mo,37.1065101624,-92.5815582275
sn89066695,MarbelsicHill,Mo,38.3679656982,-92.4778823853
sn89066240,Marshall,Mo,39.1202583313,-93.1954727173
sn89066178,Aurora,Mo,36.9708099365,-93.7205505371
sn89067273,Mexico,Mo,39.1726303101,-91.8872528076
sn89067274,Mexico,Mo,39.1726303101,-91.8872528076
sn89066652,Hayti,Mo,36.2339515686,-89.7497634888
sn90061308,Monett,Mo,36.9204788208,-93.9275970459
sn90061309,MonroeCity,Mo,39.6507301331,-91.7346725464
sn90061056,MontgomeryCity,Mo,38.3679656982,-92.4778823853
sn90061782,Versailles,Mo,38.4319190979,-92.8418426514
sn90061783,Versailles,Mo,38.4319190979,-92.8418426514
sn89066235,Benton,Mo,37.097568512,-89.5622177124
sn89066801,Westphalia,Mo,38.4404792786,-92.0001983643
sn90061739,Tuscumbia,Mo,38.2391891479,-92.4529571533
sn90061371,Potosi,Mo,37.9365882874,-90.7882766724
sn89066321,Columbia,Mo,38.9522094727,-92.3341522217
sn83016922,BowlingGreen,Mo,39.3446311951,-91.2032012939
sn90061663,RichHill,Mo,39.0445632935,-94.5784606934
sn86063662,Richmond,Mo,39.2784385681,-93.9785003662
sn89067083,Doniphan,Mo,36.6179199219,-90.8240737915
sn83025494,KansasCity,Mo,39.1029510498,-94.5830764771
sn89066239,Marshall,Mo,39.1202583313,-93.1954727173
sn83016924,BowlingGreen,Mo,39.3446311951,-91.2032012939
sn92058841,CityofWarsaw,Mo,38.3679656982,-92.4778823853
sn89066234,Benton,Mo,37.097568512,-89.5622177124
sn90061066,Sedalia,Mo,38.7107696533,-93.2280578613
sn89067598,Sedalia,Mo,38.7107696533,-93.2280578613
sn90061457,StJoseph,Mo,39.7666015625,-94.8560714722
sn84020274,StLouis,Mo,38.6277503967,-90.1995620728
sn87052128,JeffersonCity,Mo,38.5996017456,-92.1636962891
sn90061576,JeffersonCity,Mo,38.5996017456,-92.1636962891
sn89067390,Forsyth,Mo,36.6969604492,-93.1226501465
sn90061662,RichHill,Mo,39.0445632935,-94.5784606934
sn86063984,Troy,Mo,38.986289978,-90.9820709229
sn89066313,Columbia,Mo,38.9522094727,-92.3341522217
sn85033995,Lexington,Mo,39.1854782104,-93.8803787231
sn89066350,Chillicothe,Mo,39.7902183533,-93.5536117554
sn89066097,Kirksville,Mo,40.1966896057,-92.5720214844
sn93060416,Lexington,Mo,39.1854782104,-93.8803787231
sn89066617,CapeGirardeau,Mo,37.3027114868,-89.5445327759
sn89066618,CapeGirardeau,Mo,37.3027114868,-89.5445327759
sn87091068,Hannibal,Mo,39.7035484314,-91.3761520386
sn93060090,Fowler,Mo,37.2329788208,-92.2159118652
sn84036012,Anaconda,MT,46.1304206848,-112.953338623
sn86075114,Bozeman,MT,45.6793212891,-111.033180237
sn84038126,Benton,MT,47.0334815979,-109.645080566
sn85053148,Benton,MT,47.0334815979,-109.645080566
sn84036008,Billings,MT,45.783821106,-108.50567627
sn84036001,Billings,MT,45.783821106,-108.50567627
sn84038123,Bozeman,MT,45.6793212891,-111.033180237
sn86075108,Bozeman,MT,45.6793212891,-111.033180237
sn83045085,Butte,MT,46.001750946,-112.520889282
sn83025294,Butte,MT,46.001750946,-112.520889282
sn84036198,Helena,MT,46.5897598267,-112.021202087
sn85053109,CutBank,MT,48.6366615295,-112.332626343
sn85053382,Livingston,MT,45.662109375,-110.561721802
sn83025316,Missoula,MT,46.8727798462,-113.996231079
sn86075021,MilesCity,MT,46.4067115784,-105.84866333
sn84036266,Dupuyer,MT,48.1904907227,-112.500793457
sn85053090,Ekalaka,MT,45.8934516907,-104.549758911
sn83025323,Harlem,MT,48.5330886841,-108.783638
sn84036228,Lewistown,MT,47.0665283203,-109.424423218
sn84036220,Lewistown,MT,47.0665283203,-109.424423218
sn85042379,Glasgow,MT,48.195098877,-106.63684082
sn84024808,GreatFalls,MT,47.5071411133,-111.30606842
sn86075268,GreatFalls,MT,47.5071411133,-111.30606842
sn86075267,GreatFalls,MT,47.5071411133,-111.30606842
sn86075238,GreatFalls,MT,47.5071411133,-111.30606842
sn86075239,GreatFalls,MT,47.5071411133,-111.30606842
sn83045217,GreatFalls,MT,47.5071411133,-111.30606842
sn86075243,GreatFalls,MT,47.5071411133,-111.30606842
sn85053181,Harlowton,MT,46.4364814758,-109.841690063
sn84036162,Havre,MT,48.55286026,-109.670967102
sn83025308,Helena,MT,46.5897598267,-112.021202087
sn84036143,Helena,MT,46.5897598267,-112.021202087
sn84036288,Inverness,MT,48.5532417297,-110.689758301
sn83025313,JudithGap,MT,47.0334815979,-109.645080566
sn85053328,Kalispell,MT,48.2016296387,-114.314903259
sn85053327,Kalispell,MT,48.2016296387,-114.314903259
sn85053292,Libby,MT,48.3880996704,-115.555168152
sn86075261,Livingston,MT,45.662109375,-110.561721802
sn86091484,VirginiaCity,MT,45.2936286926,-111.944412231
sn84036227,Maiden,MT,47.1806411743,-109.239196777
sn84036289,GreatFalls,MT,47.5071411133,-111.30606842
sn84024811,Lewistown,MT,47.0665283203,-109.424423218
sn84036290,GreatFalls,MT,47.5071411133,-111.30606842
sn84036199,Helena,MT,46.5897598267,-112.021202087
sn83025293,VirginiaCity,MT,45.2936286926,-111.944412231
sn85053323,Neihart,MT,46.933719635,-110.736076355
sn84036148,Butte,MT,46.001750946,-112.520889282
sn84038125,DeerLodge,MT,46.3973312378,-112.735328674
sn83025320,Philipsburg,MT,46.3320999146,-113.293701172
sn85053305,Plentywood,MT,48.7739295959,-104.559318542
sn85053167,Stevensville,MT,46.5093193054,-114.093650818
sn84036276,RedLodge,MT,45.1864204407,-109.246986389
sn85053157,FortBenton,MT,47.8189697266,-110.674377441
sn83025309,DiamondCity,MT,47.0334815979,-109.645080566
sn86075298,Ronan,MT,47.5281982422,-114.097091675
sn85053117,Forsyth,MT,46.2640800476,-106.676597595
sn86075094,Roundup,MT,46.4492912292,-108.541931152
sn85053089,Culbertson,MT,48.1465492249,-104.51776123
sn86075241,GreatFalls,MT,47.5071411133,-111.30606842
sn85053121,Helena,MT,46.5897598267,-112.021202087
sn86075197,SunRiver,MT,47.5338592529,-111.720252991
sn86075240,GreatFalls,MT,47.5071411133,-111.30606842
sn86075109,Bozeman,MT,45.6793212891,-111.033180237
sn86075242,GreatFalls,MT,47.5071411133,-111.30606842
sn84036207,Stevensville,MT,46.5093193054,-114.093650818
sn86075089,Whitefish,MT,48.410610199,-114.337471008
sn85053308,Wibaux,MT,46.9854888916,-104.188201904
sn86075022,MilesCity,MT,46.4067115784,-105.84866333
sn86075153,Glendive,MT,47.1061401367,-104.714622498
2010270501,Alliance,NE,42.0971107483,-102.871452332
sn85033100,BellevueCity,NE,41.5272712708,-99.8111038208
2010270510,Lincoln,NE,40.813621521,-96.7077407837
sn95069777,Valentine,NE,42.873840332,-100.550621033
sn95073194,Columbus,NE,41.431060791,-97.3720397949
46032385,Lincoln,NE,40.813621521,-96.7077407837
sn99066033,Lincoln,NE,40.813621521,-96.7077407837
sn94055463,BrokenBow,NE,41.4017715454,-99.6399688721
sn84020146,DakotaCity,NE,41.5272712708,-99.8111038208
2010270500,DakotaCity,NE,41.5272712708,-99.8111038208
sn94056446,FallsCity,NE,41.5272712708,-99.8111038208
sn86091413,WoodRiver,NE,40.8197898865,-98.6022567749
2010270502,NorthPlatte,NE,41.1363182068,-100.763328552
sn94056415,McCook,NE,40.198589325,-100.625221252
sn94056414,McCook,NE,40.198589325,-100.625221252
sn84020109,Brownville,NE,40.3985214233,-95.6531600952
2010270508,NemahaCity,NE,41.5272712708,-99.8111038208
sn84020241,BellevieuCity,NE,41.5272712708,-99.8111038208
sn95070058,Norfolk,NE,42.0327110291,-97.4110565186
sn95070060,Norfolk,NE,42.0327110291,-97.4110565186
2010270504,NorthPlatte,NE,41.1363182068,-100.763328552
2010270503,NorthPlatte,NE,41.1363182068,-100.763328552
sn99021999,Omaha,NE,41.2606887817,-95.9405899048
sn84022835,RedCloud,NE,40.088809967,-98.5199890137
2010270512,Lincoln,NE,40.813621521,-96.7077407837
2010270511,Lincoln,NE,40.813621521,-96.7077407837
sn95069780,Valentine,NE,42.873840332,-100.550621033
sn95069778,Valentine,NE,42.873840332,-100.550621033
sn95069779,Valentine,NE,42.873840332,-100.550621033
sn92070564,Alamogordo,NM,32.8992500305,-105.960319519
sn92070566,Alamogordo,NM,32.8992500305,-105.960319519
sn84020616,Albuquerque,NM,35.0841789246,-106.648643494
sn84020613,Albuquerque,NM,35.0841789246,-106.648643494
sn84020615,Albuquerque,NM,35.0841789246,-106.648643494
sn92070581,Albuquerque,NM,35.0841789246,-106.648643494
sn84031081,Albuquerque,NM,35.0841789246,-106.648643494
sn86063567,NewAlbuquerque,NM,34.4213180542,-106.108406067
sn92070464,Albuquerque,NM,35.0841789246,-106.648643494
sn87090373,Robinson,NM,34.4213180542,-106.108406067
sn93061430,Carlsbad,NM,34.411945343,-104.23638916
sn93061428,Carlsbad,NM,34.411945343,-104.23638916
sn93061429,Carlsbad,NM,34.411945343,-104.23638916
sn86063539,Carrizozo,NM,33.6460800171,-105.871437073
sn94056939,Carrizozo,NM,33.6460800171,-105.871437073
sn92070454,Socorro,NM,34.059928894,-106.891838074
sn92070542,Cimarron,NM,36.5108795166,-104.919258118
sn92070544,Cimarron,NM,36.5108795166,-104.919258118
sn92070543,Cimarron,NM,36.5108795166,-104.919258118
sn93061569,Clayton,NM,36.4519500732,-103.183670044
sn94056928,Clayton,NM,36.4519500732,-103.183670044
sn93061573,Clayton,NM,36.4519500732,-103.183670044
sn93061777,Clovis,NM,34.4052314758,-103.205337524
sn92070539,Columbus,NM,31.8284397125,-107.640480042
sn94056836,Columbus,NM,31.8284397125,-107.640480042
sn94056837,Columbus,NM,31.8284397125,-107.640480042
sn93061632,LasVegas,NM,35.5956802368,-105.216278076
sn86063579,Deming,NM,32.268081665,-107.758666992
sn83004264,Deming,NM,32.268081665,-107.758666992
sn92070477,SilverCity,NM,32.7699699402,-108.275001526
sn93061674,EddyCarlsbad,NM,34.4213180542,-106.108406067
sn94057017,Estancia,NM,34.7585716248,-106.055496216
sn93061466,Estancia,NM,34.7585716248,-106.055496216
sn93061433,Carlsbad,NM,34.411945343,-104.23638916
sn92070582,Albuquerque,NM,35.0841789246,-106.648643494
sn94056832,FortSumner,NM,34.4213180542,-106.108406067
sn92070445,Lincoln,NM,33.4930801392,-105.388961792
sn93061371,Kenna,NM,33.8890190125,-103.711303711
sn90051703,LasVegas,NM,35.5956802368,-105.216278076
sn96061021,LasVegas,NM,35.5956802368,-105.216278076
sn84027457,LasVegas,NM,35.5956802368,-105.216278076
sn93061633,LasVegas,NM,35.5956802368,-105.216278076
sn93061631,LasVegas,NM,35.5956802368,-105.216278076
sn92070422,LasVegas,NM,35.5956802368,-105.216278076
sn87090072,WhiteOaks,NM,33.7478713989,-105.736312866
sn91052379,Cerrillos,NM,35.4375114441,-106.126586914
sn94005878,Lovington,NM,32.9444503784,-103.348632812
sn84020617,Albuquerque,NM,35.0841789246,-106.648643494
sn92070567,Estancia,NM,34.7585716248,-106.055496216
sn93061704,Mountainair,NM,34.5208816528,-106.240577698
sn93061407,WhiteOaks,NM,33.7478713989,-105.736312866
sn92070553,RedRiver,NM,36.7077484131,-105.405700684
sn86063823,Roswell,NM,33.394821167,-104.522750854
sn92072386,Cerrillos,NM,35.4375114441,-106.126586914
sn92070446,Aztec,NM,36.826171875,-107.992706299
sn86063590,Farmington,NM,36.7281417847,-108.205688477
sn88071076,SantaFe,NM,35.6916809082,-105.937957764
sn84022165,SantaFe,NM,35.6916809082,-105.937957764
sn84022168,SantaFe,NM,35.6916809082,-105.937957764
sn88071075,SantaFe,NM,35.6916809082,-105.937957764
sn86090503,Socorro,NM,34.059928894,-106.891838074
sn92070455,Socorro,NM,34.059928894,-106.891838074
sn86090456,SilverCity,NM,32.7699699402,-108.275001526
sn92061524,Roy,NM,35.9435806274,-104.195800781
sn94057002,Taiban,NM,34.4649887085,-103.999969482
sn93061711,Tucumcari,NM,35.1785507202,-103.724861145
sn93061709,Tucumcari,NM,35.1785507202,-103.724861145
sn92070405,Lordsburg,NM,32.3498306274,-108.708808899
sn87090065,WhiteOaks,NM,33.7478713989,-105.736312866
sn93061641,WhiteOaks,NM,33.7478713989,-105.736312866
sn83030193,NewYork,NY,40.7820014954,-73.831703186
sn83030213,NewYork,NY,40.7820014954,-73.831703186
sn83030212,NewYork,NY,40.7820014954,-73.831703186
sn83030214,NewYork,NY,40.7820014954,-73.831703186
sn83030430,NewYork,NY,40.7820014954,-73.831703186
sn83030273,NewYork,NY,40.7820014954,-73.831703186
sn83030272,NewYork,NY,40.7820014954,-73.831703186
sn83030431,NewYork,NY,40.7820014954,-73.831703186
sn88078683,Cleveland,Oh,41.5047492981,-81.6907196045
sn99066040,NewYork,NY,40.7820014954,-73.831703186
sn84020682,Asheville,NC,35.5984611511,-82.5531387329
sn91068076,Asheville,NC,35.5984611511,-82.5531387329
sn91068245,Clinton,NC,34.9982910156,-78.3221664429
sn91068247,Charlotte,NC,35.222858429,-80.8379592896
sn84020713,Charlotte,NC,35.222858429,-80.8379592896
sn84020714,Charlotte,NC,35.222858429,-80.8379592896
sn83004710,Murphy,NC,35.0873908997,-84.0338516235
sn91068236,Raleigh,NC,35.7855110168,-78.6426696777
sn91068075,Asheville,NC,35.5984611511,-82.5531387329
sn91068305,Durham,NC,35.9954185486,-78.8964385986
sn92073987,Tarboro,NC,35.9069519043,-77.5407562256
sn91068084,Edenton,NC,36.0696411133,-76.6054611206
sn91068160,Hendersonville,NC,35.3155708313,-82.458656311
sn91068161,Hendersonville,NC,35.3155708313,-82.458656311
sn91068158,Hendersonville,NC,35.3155708313,-82.458656311
sn91068402,Henderson,NC,36.3299293518,-78.3986816406
sn91068403,Henderson,NC,36.3299293518,-78.3986816406
sn83025812,ElizabethCity,NC,36.3014984131,-76.2197570801
sn88074095,Raleigh,NC,35.7855110168,-78.6426696777
sn84026546,Newbern,NC,35.5393447876,-79.1854171753
sn84026547,Newbern,NC,35.5393447876,-79.1854171753
sn84024517,Raleigh,NC,35.7855110168,-78.6426696777
sn85042147,Raleigh,NC,35.7855110168,-78.6426696777
sn92073050,Raleigh,NC,35.7855110168,-78.6426696777
sn92073049,Winston,NC,36.3910102844,-76.9365692139
sn91068415,HighPoint,NC,35.9546813965,-80.0050811768
sn91068736,Rockingham,NC,34.9358291626,-79.7740631104
sn91068083,Edenton,NC,36.0696411133,-76.6054611206
sn91068367,Wilmington,NC,34.2349700928,-77.9459915161
sn84024518,Raleigh,NC,35.7855110168,-78.6426696777
sn83045450,Raleigh,NC,35.7855110168,-78.6426696777
sn90052434,Tarboro,NC,35.9069519043,-77.5407562256
sn91068129,Fayetteville,NC,35.0544891357,-78.8775787354
sn85042204,Tarborough,NC,35.9069519043,-77.5407562256
sn84026522,Tarboro,NC,35.9069519043,-77.5407562256
sn85042205,Tarboro,NC,35.9069519043,-77.5407562256
sn85042146,Raleigh,NC,35.7855110168,-78.6426696777
sn82007642,Boone,NC,36.2203598022,-81.686958313
sn91068244,Clinton,NC,34.9982910156,-78.3221664429
sn84045030,Raleigh,NC,35.7855110168,-78.6426696777
sn85042148,Raleigh,NC,35.7855110168,-78.6426696777
sn83045706,Raleigh,NC,35.7855110168,-78.6426696777
sn87070095,Raleigh,NC,35.7855110168,-78.6426696777
sn91068159,Hendersonville,NC,35.3155708313,-82.458656311
sn84020712,Charlotte,NC,35.222858429,-80.8379592896
sn84026536,Wilmington,NC,34.2349700928,-77.9459915161
sn84024777,LittleMissouri,ND,47.4462814331,-100.469398499
sn85042242,Bismarck,ND,46.8053588867,-100.779327393
sn84022128,Bismarck,ND,46.8053588867,-100.779327393
sn84022127,Bismarck,ND,46.8053588867,-100.779327393
sn85042243,Bismarck,ND,46.8053588867,-100.779327393
sn85042331,Bismarck,ND,46.8053588867,-100.779327393
sn85042588,Bismarck,ND,46.8053588867,-100.779327393
sn84022129,Bismarck,ND,46.8053588867,-100.779327393
sn88076515,DevilsLake,ND,48.1122703552,-98.8572769165
sn88076516,DevilsLake,ND,48.1122703552,-98.8572769165
sn88076514,DevilsLake,ND,48.1122703552,-98.8572769165
sn88076523,DevilsLake,ND,48.1122703552,-98.8572769165
sn88076525,DevilsLake,ND,48.1122703552,-98.8572769165
sn88076526,DevilsLake,ND,48.1122703552,-98.8572769165
sn88076524,DevilsLake,ND,48.1122703552,-98.8572769165
sn88076522,DevilsLake,ND,48.1122703552,-98.8572769165
sn85042373,GrandForks,ND,47.924079895,-97.0320281982
sn89074109,Beach,ND,46.9193115234,-104.006118774
sn89074404,GrandForks,ND,47.924079895,-97.0320281982
sn89074405,GrandForks,ND,47.924079895,-97.0320281982
sn85042414,GrandForks,ND,47.924079895,-97.0320281982
sn85042404,Jamestown,ND,46.9100799561,-98.7085266113
sn85042405,Jamestown,ND,46.9100799561,-98.7085266113
sn89074443,Fargo,ND,46.8759117126,-96.7817611694
sn88076741,Pembina,ND,48.9675598145,-97.2464675903
sn84024779,Wahpeton,ND,46.2639312744,-96.6047134399
sn88076421,Minot,ND,48.2361106873,-101.296066284
sn89074274,ValleyCity,ND,46.9233512878,-98.0022583008
sn88076270,Williston,ND,48.1470298767,-103.621871948
sn84028140,Akron,OH,41.0841903687,-81.5140609741
sn85026105,Lancaster,OH,39.7137489319,-82.6032791138
sn83035487,NewLisbon,OH,40.4130516052,-82.7112121582
sn83035173,Ashland,OH,40.8686485291,-82.3153381348
sn88078580,Ashtabula,OH,41.8892707825,-80.7867279053
sn83035216,Ashtabula,OH,41.8892707825,-80.7867279053
sn88078581,Ashtabula,OH,41.8892707825,-80.7867279053
sn85038153,Bellefontaine,OH,40.3622512817,-83.7595901489
sn84028479,StClairsville,OH,40.0805091858,-80.9005432129
sn85026241,StClairsville,OH,40.0805091858,-80.9005432129
sn86069867,Lexington,Ky,38.0485916138,-84.5003204346
sn83045586,Knoxville,TN,35.9604911804,-83.9209136963
sn84028794,Cadiz,OH,40.2726097107,-80.9966812134
sn85034406,Cadiz,OH,40.2726097107,-80.9966812134
sn84028793,Cadiz,OH,40.2726097107,-80.9966812134
sn83035366,Carrollton,OH,40.5732116699,-81.0868606567
sn88077067,Celina,OH,40.5533790588,-84.5707778931
sn84028745,Cincinnati,OH,39.1071281433,-84.5041275024
sn85025759,Cincinnati,OH,39.1071281433,-84.5041275024
sn85042437,Cleveland,OH,41.5047492981,-81.6907196045
sn83035144,Cleveland,OH,41.5047492981,-81.6907196045
sn83035143,Cleveland,OH,41.5047492981,-81.6907196045
sn83035163,Cleveland,OH,41.5047492981,-81.6907196045
sn87075001,Mconnelsville,OH,39.6488189697,-81.8542327881
sn88077244,Dayton,OH,39.7591094971,-84.194442749
sn84028645,Columbus,OH,39.9619903564,-83.002746582
sn88077413,Cincinnati,OH,39.1071281433,-84.5041275024
sn85026002,Dayton,OH,39.7591094971,-84.194442749
sn83035595,Delaware,OH,40.3007392883,-83.065788269
sn85038120,Logan,OH,39.5405197144,-82.4068527222
sn88078751,MtVernon,OH,40.3929481506,-82.4854736328
sn86079037,Marthur,OH,39.2466583252,-82.4796066284
sn84028297,Napoleon,OH,41.3919906616,-84.1258392334
sn84028296,Napoleon,OH,41.3919906616,-84.1258392334
sn85026335,UpperSandusky,OH,40.8275184631,-83.2863082886
sn88077265,Eaton,OH,39.7449684143,-84.6364898682
sn83035083,Ravenna,OH,41.1577110291,-81.2443695068
sn85042199,Cadiz,OH,40.2726097107,-80.9966812134
sn85025647,Cadiz,OH,40.2726097107,-80.9966812134
sn83035312,Georgetown,OH,38.8646583557,-83.9049224854
sn84028570,Eaton,OH,39.7449684143,-84.6364898682
sn88077272,Eaton,OH,39.7449684143,-84.6364898682
sn85034457,Eaton,OH,39.7449684143,-84.6364898682
sn84028272,Wellington,OH,41.1700592041,-82.2174835205
sn85038145,Washington,OH,39.5353507996,-83.4404678345
sn85026034,Findlay,OH,41.0373916626,-83.6502838135
sn90068958,Fremont,OH,41.3474006653,-83.1138534546
2013218697,Fremont,OH,41.3474006653,-83.1138534546
sn87076766,Fremont,OH,41.3474006653,-83.1138534546
sn85026050,Fremont,OH,41.3474006653,-83.1138534546
sn85026051,Fremont,OH,41.3474006653,-83.1138534546
sn85038229,Fremont,OH,41.3474006653,-83.1138534546
sn87076552,Wauseon,OH,41.5501785278,-84.1343383789
sn85038121,Gallipolis,OH,38.8083114624,-82.2057876587
sn88078725,Lancaster,OH,39.7137489319,-82.6032791138
sn83035565,Greenville,OH,40.1030387878,-84.6340179443
sn85042591,Findlay,OH,41.0373916626,-83.6502838135
sn85038158,Hillsborough,OH,39.2022781372,-83.6121063232
sn85038119,Logan,OH,39.5405197144,-82.4068527222
sn84028822,Millersburg,OH,40.5541610718,-81.9167633057
sn84028821,Millersburg,OH,40.5541610718,-81.9167633057
sn84028820,Millersburg,OH,40.5541610718,-81.9167633057
sn87075147,Jackson,OH,39.0540809631,-82.6397476196
sn85038180,Jackson,OH,39.0540809631,-82.6397476196
sn84028083,Chardon,OH,41.583278656,-81.20287323
sn85038078,Kalida,OH,40.9824905396,-84.2005233765
sn88077379,Cincinnati,OH,39.1071281433,-84.5041275024
sn84024207,Lancaster,OH,39.7137489319,-82.6032791138
sn87070038,Lancaster,OH,39.7137489319,-82.6032791138
sn90068957,Sanduskyie,OH,41.4487609863,-82.7073669434
sn87075163,McArthur,OH,39.2466583252,-82.4796066284
sn84028473,Canfield,OH,41.0247497559,-80.7592391968
sn87075213,Marietta,OH,39.4230918884,-81.4603271484
sn88077573,Marion,OH,40.583820343,-83.1285171509
sn85026141,MaumeeCity,OH,40.4130516052,-82.7112121582
sn85026142,MaumeeCity,OH,40.4130516052,-82.7112121582
sn87075167,Marthur,OH,39.2466583252,-82.4796066284
sn84028262,Medina,OH,41.1403198242,-81.8640213013
sn85038183,Pomeroy,OH,39.0272407532,-82.0327606201
sn85038189,Pomeroy,OH,39.0272407532,-82.0327606201
sn85038161,Hillsboro,OH,39.2022781372,-83.6121063232
sn84028194,Painesville,OH,41.7242012024,-81.2452392578
sn84028888,CanalDover,OH,40.4130516052,-82.7112121582
sn84028889,CanalDover,OH,40.4130516052,-82.7112121582
sn87075048,Logan,OH,39.5405197144,-82.4068527222
sn91069452,Cincinnati,OH,39.1071281433,-84.5041275024
sn83035044,Ravenna,OH,41.1577110291,-81.2443695068
sn90068762,Cincinnati,OH,39.1071281433,-84.5041275024
sn84028193,Painesville,OH,41.7242012024,-81.2452392578
sn85025750,Cincinnati,OH,39.1071281433,-84.5041275024
sn85026192,Perrysburg,OH,41.5567092896,-83.6288986206
sn87076843,Perrysburg,OH,41.5567092896,-83.6288986206
sn86079046,Plymouth,OH,40.9952316284,-82.6648864746
sn85038184,Pomeroy,OH,39.0272407532,-82.0327606201
sn83035045,Ravenna,OH,41.1577110291,-81.2443695068
sn83035101,Ravenna,OH,41.1577110291,-81.2443695068
sn83035103,Ravenna,OH,41.1577110291,-81.2443695068
sn85026203,Portsmouth,OH,38.7442588806,-82.9932174683
sn85026031,Eaton,OH,39.7449684143,-84.6364898682
sn85038088,Somerset,OH,39.8062896729,-82.3008422852
sn87075000,McConnelsville,OH,39.6488189697,-81.8542327881
sn85038115,Woodsfield,OH,39.7624816895,-81.1152114868
sn84028880,Ironton,OH,38.5349197388,-82.6844787598
sn87076917,Springfield,OH,39.9250183105,-83.8067321777
sn87076916,Springfield,OH,39.9250183105,-83.8067321777
sn87056710,Cincinnati,OH,39.1071281433,-84.5041275024
sn84028490,Canton,OH,40.7978096008,-81.3715667725
sn83035174,Ashland,OH,40.8686485291,-82.3153381348
sn83045474,Cincinnati,OH,39.1071281433,-84.5041275024
sn87076794,Tiffin,OH,41.1152191162,-83.1766662598
sn85026279,Tiffin,OH,41.1152191162,-83.1766662598
sn87076793,Tiffin,OH,41.1152191162,-83.1766662598
sn88078683,Cleveland,OH,41.5047492981,-81.6907196045
sn84028817,Steubenville,OH,40.3695907593,-80.6371612549
sn85026309,Urbana,OH,40.1088409424,-83.7524108887
sn85038222,Marthur,OH,39.2466583252,-82.4796066284
sn88078726,Lancaster,OH,39.7137489319,-82.6032791138
sn88078724,Lancaster,OH,39.7137489319,-82.6032791138
sn85026193,Perrysburg,OH,41.5567092896,-83.6288986206
sn83035102,Ravenna,OH,41.1577110291,-81.2443695068
sn84028271,Wellington,OH,41.1700592041,-82.2174835205
sn84028273,Wellington,OH,41.1700592041,-82.2174835205
sn83035100,Ravenna,OH,41.1577110291,-81.2443695068
sn84028384,Warren,OH,41.2361984253,-80.8127975464
sn84028385,Warren,OH,41.2361984253,-80.8127975464
sn85038238,UpperSandusky,OH,40.8275184631,-83.2863082886
sn87076863,UpperSandusky,OH,40.8275184631,-83.2863082886
sn85038244,Xenia,OH,39.6850891113,-83.9281692505
sn97070125,Anadarko,OK,35.0731697083,-98.2436904907
sn97070123,Anadarko,OK,35.0731697083,-98.2436904907
sn97070126,Anadarko,OK,35.0731697083,-98.2436904907
sn93066071,Beaver,OK,36.8146209717,-100.519599915
sn83025092,Atoka,OK,34.3859405518,-96.1276626587
sn83025001,Darlington,OK,35.5826950073,-97.5086135864
sn86090528,Chickasha,OK,35.0523796082,-97.9361495972
sn85042303,Ardmore,OK,34.1726799011,-97.1287689209
sn97070124,Anadarko,OK,35.0731697083,-98.2436904907
sn97070127,Anadarko,OK,35.0731697083,-98.2436904907
sn96093062,Durant,OK,33.9931983948,-96.3860168457
sn96087587,Elgin,OK,34.7824897766,-98.2893600464
sn86063952,Guthrie,OK,35.8801193237,-97.4228591919
45043535,SacredHeart,OK,35.0007591248,-96.8093109131
sn83025010,Vinita,OK,36.6385116577,-95.1538314819
sn83025050,LangstonCity,OK,35.5826950073,-97.5086135864
sn85042345,Tulsa,OK,36.1497383118,-95.9933319092
sn83025060,Muskogee,OK,35.7482681274,-95.3691711426
sn86064187,OklahomaCity,OK,35.4720306396,-97.5210723877
sn95063969,Krebs,OK,34.9276390076,-95.7160568237
sn85042344,Tulsa,OK,36.1497383118,-95.9933319092
sn86064118,Tulsa,OK,36.1497383118,-95.9933319092
sn96088003,Ashland,Or,42.1996688843,-122.717033386
sn85042399,Ashland,Or,42.1996688843,-122.717033386
sn96088004,Ashland,Or,42.1996688843,-122.717033386
sn99063954,Salem,Or,44.9332618713,-123.043807983
sn90066132,Salem,Or,44.9332618713,-123.043807983
sn96061149,Astoria,Or,46.1897697449,-123.833946228
sn99063957,Salem,Or,44.9332618713,-123.043807983
sn99063955,Salem,Or,44.9332618713,-123.043807983
sn99063956,Salem,Or,44.9332618713,-123.043807983
sn96061150,Astoria,Or,46.1897697449,-123.833946228
sn89055266,Dalles,Or,45.6015510559,-121.183433533
sn85042448,TheDalles,Or,45.6015510559,-121.183433533
sn93051669,TheDalles,Or,45.6015510559,-121.183433533
2003260222,TheDalles,Or,45.6015510559,-121.183433533
sn88086023,Pendleton,Or,45.6717910767,-118.786399841
sn96088044,Enterprise,Or,45.4259605408,-117.277580261
sn99063952,Salem,Or,44.9332618713,-123.043807983
sn99063812,KlamathFalls,Or,42.2238807678,-121.782058716
sn97071038,Heppner,Or,45.354019165,-119.553520203
sn96088181,GrantsPass,Or,42.4432106018,-123.324638367
sn94049698,Heppner,Or,45.354019165,-119.553520203
sn97071110,HoodRiver,Or,45.7088508606,-121.510726929
sn85033162,Toledo,Or,44.6222496033,-123.937347412
sn85042400,Astoria,Or,46.1897697449,-123.833946228
sn84022673,Portland,Or,45.5117912292,-122.675628662
sn96088043,Enterprise,Or,45.4259605408,-117.277580261
sn00063520,Ontario,Or,44.0256881714,-116.965858459
sn96088088,Monmouth,Or,44.8485412598,-123.236572266
sn96088281,GrantsPass,Or,42.4432106018,-123.324638367
sn96088180,GrantsPass,Or,42.4432106018,-123.324638367
sn97071004,Spray,Or,44.8312797546,-119.793876648
2004260419,StHelens,Or,45.8637313843,-122.797401428
sn00063676,SaintJohns,Or,43.9388122559,-120.55859375
sn84022644,Albany,Or,44.6354789734,-123.107757568
sn96088466,Sumpter,Or,44.7469787598,-118.201271057
sn96088246,Burns,Or,43.5860404968,-119.054649353
sn96061148,Astoria,Or,46.1897697449,-123.833946228
sn88064458,NewOrleans,La,29.9536991119,-90.0777511597
sn94052752,Joseph,Or,45.3549194336,-117.229919434
sn96088042,Enterprise,Or,45.4259605408,-117.277580261
sn85054845,Ebensburg,Pa,40.4847412109,-78.7249908447
sn86053370,Butler,Pa,40.8595809937,-79.9283676147
sn82005159,Bedford,Pa,40.0326004028,-78.5051727295
sn86083444,Bedford,Pa,40.0326004028,-78.5051727295
sn83032006,Bedford,Pa,40.0326004028,-78.5051727295
sn84026050,NewBloomfield,Pa,40.8965110779,-77.8387527466
sn85055236,Bloomsburg,Pa,41.0045890808,-76.4533309937
sn84024558,Towanda,Pa,41.7647781372,-76.443069458
sn86071045,Butler,Pa,40.8595809937,-79.9283676147
sn83032041,Ebensburg,Pa,40.4847412109,-78.7249908447
sn83032040,Emporium,Pa,41.5115509033,-78.2373199463
sn85054771,Bloomsburg,Pa,41.0045890808,-76.4533309937
sn83032231,Lehighton,Pa,40.8337211609,-75.7086334229
sn84009409,Bellefonte,Pa,40.9116592407,-77.7777099609
sn85054524,CentreHall,Pa,40.8965110779,-77.8387527466
sn83032058,CentreHall,Pa,40.8965110779,-77.8387527466
sn87078082,Honesdale,Pa,41.5729789734,-75.2560272217
sn83032199,Clearfield,Pa,41.0229187012,-78.4380874634
sn85025181,Bloomsburg,Pa,41.0045890808,-76.4533309937
sn85054828,Bloomsburg,Pa,41.0045890808,-76.4533309937
sn85025180,Bloomsburg,Pa,41.0045890808,-76.4533309937
sn83032011,Bloomsburg,Pa,41.0045890808,-76.4533309937
sn86053369,Danville,Pa,40.9641609192,-76.6161193848
sn86071378,Ebensburg,Pa,40.4847412109,-78.7249908447
sn85054846,Ebensburg,Pa,40.4847412109,-78.7249908447
sn87079926,Ridgway,Pa,41.4218788147,-78.7298583984
sn84026259,Ridgway,Pa,41.4218788147,-78.7298583984
sn87078000,Shenandoah,Pa,40.8204498291,-76.2015686035
sn83045211,Philadelphia,Pa,39.9522781372,-75.1624526978
sn83025925,Philadelphia,Pa,39.9522781372,-75.1624526978
sn87078403,Scranton,Pa,41.4101486206,-75.6607818604
sn84026497,Tionesta,Pa,41.4659500122,-79.4471282959
sn87080287,Freeland,Pa,41.0163993835,-75.8980407715
sn89077900,Allentaun,Pa,40.6026000977,-75.4702606201
sn86081889,McConnellsburg,Pa,39.9322319031,-77.9992370605
sn86081582,Waynesburg,Pa,39.8964500427,-80.185760498
sn85038411,Harrisburg,Pa,40.259929657,-76.8823394775
sn86053536,Honesdale,Pa,41.5729789734,-75.2560272217
sn86053954,Stroudsburg,Pa,40.9852409363,-75.1944885254
sn84026399,Stroudsburg,Pa,40.9852409363,-75.1944885254
sn86083274,Johnstown,Pa,40.3272590637,-78.9183502197
sn86053634,Mifflintown,Pa,40.5700683594,-77.3964691162
sn84026118,Mifflintown,Pa,40.5700683594,-77.3964691162
sn83032300,Lancaster,Pa,40.0237312317,-76.3317184448
sn88080711,Allentaun,Pa,40.6026000977,-75.4702606201
sn86071312,Allentaun,Pa,40.6026000977,-75.4702606201
sn86071313,Allentaun,Pa,40.6026000977,-75.4702606201
sn86071314,Allentaun,Pa,40.6026000977,-75.4702606201
sn85055199,Lewisburg,Pa,40.9611282349,-76.8906402588
sn86083440,Lewisburg,Pa,40.9611282349,-76.8906402588
sn85055197,Lewisburg,Pa,40.9611282349,-76.8906402588
sn83032276,Lewistown,Pa,40.5968894958,-77.5739364624
sn85055164,Philadelphia,Pa,39.9522781372,-75.1624526978
sn87052123,Reading,Pa,40.3366203308,-75.9278411865
sn86081895,Middleburgh,Pa,40.7917900085,-77.0459976196
sn83008556,Millheim,Pa,40.8910217285,-77.4763717651
sn86083264,Danville,Pa,40.9641609192,-76.6161193848
sn86071377,Ebensburg,Pa,40.4847412109,-78.7249908447
sn90069164,NewBloomfield,Pa,40.8965110779,-77.8387527466
sn86081912,Tunkhannock,Pa,41.5391616821,-75.9479522705
sn85054967,Indiana,Pa,40.6228981018,-79.1501464844
sn84026721,Harrisburg,Pa,40.259929657,-76.8823394775
sn83032194,Coudersport,Pa,41.7725601196,-78.0211715698
sn84026005,PetroleumCenter,Pa,40.8965110779,-77.8387527466
sn87080417,Milford,Pa,41.329120636,-74.81224823
sn84024546,Pittsburg,Pa,40.9342498779,-80.3635025024
sn84026106,Middleburg,Pa,40.7917900085,-77.0459976196
sn83032195,Coudersport,Pa,41.7725601196,-78.0211715698
sn86081096,Coudersport,Pa,41.7725601196,-78.0211715698
sn85054616,Clearfield,Pa,41.0229187012,-78.4380874634
sn84037024,Philadelphia,Pa,39.9522781372,-75.1624526978
sn84037025,Philadelphia,Pa,39.9522781372,-75.1624526978
sn86081854,Laport,Pa,41.4239692688,-76.4968566895
sn84026355,Scranton,Pa,41.4101486206,-75.6607818604
sn86053936,Scranton,Pa,41.4101486206,-75.6607818604
sn83025917,Somerset,Pa,40.0178909302,-79.0631484985
sn86082043,Somerset,Pa,40.0178909302,-79.0631484985
sn84026409,Somerset,Pa,40.0178909302,-79.0631484985
sn85025182,Bloomsburg,Pa,41.0045890808,-76.4533309937
sn86081330,Harrisburg,Pa,40.259929657,-76.8823394775
sn87078321,Reynoldsville,Pa,41.0950317383,-78.8874282837
sn86081853,Laporte,Pa,41.4239692688,-76.4968566895
sn85054702,Sunbury,Pa,40.8627586365,-76.7962036133
sn84026403,Sunbury,Pa,40.8627586365,-76.7962036133
sn86081381,Towanda,Pa,41.7647781372,-76.443069458
sn85038443,Lewisburg,Pa,40.9611282349,-76.8906402588
sn81004761,Waynesburg,Pa,39.8964500427,-80.185760498
sn84026601,Tunkhannock,Pa,41.5391616821,-75.9479522705
2012271201,Barre,Vt,44.1678085327,-72.4765701294
sn85026945,Abbeville,SC,34.1789512634,-82.3802490234
sn93067670,Abbeville,SC,34.1789512634,-82.3802490234
sn93067668,Abbeville,SC,34.1789512634,-82.3802490234
sn84026853,Abbeville,SC,34.1789512634,-82.3802490234
sn85042527,Abbeville,SC,34.1789512634,-82.3802490234
sn83025782,Charleston,SC,32.7811508179,-79.931602478
sn93067669,Anderson,SC,34.5004386902,-82.6495819092
sn84026965,Anderson,SC,34.5004386902,-82.6495819092
sn93067658,Anderson,SC,34.5004386902,-82.6495819092
sn86063790,Bamberg,SC,33.2966690063,-81.035118103
sn85026944,Abbeville,SC,34.1789512634,-82.3802490234
sn84026857,Beaufort,SC,32.4311904907,-80.6699295044
sn85042595,Camden,SC,34.250038147,-80.6074523926
sn84027852,Camden,SC,34.250038147,-80.6074523926
sn93067980,Camden,SC,34.250038147,-80.6074523926
sn93068003,Camden,SC,34.250038147,-80.6074523926
sn85042796,Camden,SC,34.250038147,-80.6074523926
sn86053067,Camden,SC,34.250038147,-80.6074523926
sn84027851,Camden,SC,34.250038147,-80.6074523926
sn93067997,Camden,SC,34.250038147,-80.6074523926
sn83025784,Charleston,SC,32.7811508179,-79.931602478
sn84026994,Charleston,SC,32.7811508179,-79.931602478
sn86063782,Cheraw,SC,34.6993408203,-79.8848266602
sn93067951,Chesterfield,SC,34.7344589233,-80.0884628296
sn84027007,Columbia,SC,33.9988212585,-81.0453720093
sn84027006,Columbia,SC,33.9988212585,-81.0453720093
sn84027004,Columbia,SC,33.9988212585,-81.0453720093
sn93067841,Kingstree,SC,33.6641311646,-79.828956604
2012218731,Newberry,SC,34.2745513916,-81.6192398071
sn92065574,Winnsboro,SC,34.3796195984,-81.0861663818
sn84027008,Columbia,SC,33.9988212585,-81.0453720093
sn86063774,Dillon,SC,34.4170913696,-79.3707962036
sn86063761,Lexington,SC,33.980670929,-81.2361679077
sn93067656,Easley,SC,34.8308906555,-82.6003875732
sn84026897,Edgefield,SC,33.7904090881,-81.9319610596
sn92065578,Winnsboro,SC,34.3796195984,-81.0861663818
sn84026923,Winnsboro,SC,34.3796195984,-81.0861663818
2012218613,Winnsboro,SC,34.3796195984,-81.0861663818
sn92065529,Orangeburg,SC,33.4893493652,-80.8647232056
sn83025795,Charleston,SC,32.7811508179,-79.931602478
sn83025798,Georgetown,SC,33.3683013916,-79.28074646
sn86063758,Newberry,SC,34.2745513916,-81.6192398071
sn93067882,Abbeville,sC,34.1789512634,-82.3802490234
2010218505,Anderson,SC,34.5004386902,-82.6495819092
sn92065487,Camden,SC,34.250038147,-80.6074523926
sn84026912,Pickens,SC,34.8837013245,-82.7075119019
sn93067760,Laurens,SC,34.4993591309,-82.0148086548
sn92065503,Lexington,SC,33.980670929,-81.2361679077
sn84026907,Lexington,SC,33.980670929,-81.2361679077
sn86063760,Manning,SC,33.6951904297,-80.2113418579
2011218518,Bennettsville,SC,34.6147918701,-79.6832733154
sn92065637,Bennettsville,SC,34.6147918701,-79.6832733154
sn83025781,Charleston,SC,32.7811508179,-79.931602478
sn93067777,Newberry,SC,34.2745513916,-81.6192398071
sn84026909,Newberry,SC,34.2745513916,-81.6192398071
2012218730,Newberry,SC,34.2745513916,-81.6192398071
sn93067705,Winnsboro,SC,34.3796195984,-81.0861663818
2012218612,Winnsboro,SC,34.3796195984,-81.0861663818
sn86063744,Winnsboro,SC,34.3796195984,-81.0861663818
sn93067822,Orangeburg,SC,33.4893493652,-80.8647232056
sn86053227,Orangeburg,SC,33.4893493652,-80.8647232056
sn84026920,Orangeburg,SC,33.4893493652,-80.8647232056
sn93067804,Orangeburg,SC,33.4893493652,-80.8647232056
sn93067790,Orangeburg,SC,33.4893493652,-80.8647232056
sn86063754,Pageland,SC,34.7721214294,-80.3907699585
sn93067634,Pickens,SC,34.8837013245,-82.7075119019
sn83025797,Columbia,SC,33.9988212585,-81.0453720093
2012218673,Pickens,SC,34.8837013245,-82.7075119019
sn93067659,Pickens,SC,34.8837013245,-82.7075119019
sn93067671,Pickens,SC,34.8837013245,-82.7075119019
sn84026913,Pickens,SC,34.8837013245,-82.7075119019
sn85042524,PortRoyal,SC,32.3742103577,-80.6926116943
sn83025796,RockHill,SC,34.9240188599,-81.0266799927
sn93067976,Camden,SC,34.250038147,-80.6074523926
2012218672,Pickens,SC,34.8837013245,-82.7075119019
sn83025783,Charleston,SC,32.7811508179,-79.931602478
sn83025803,Columbia,SC,33.9988212585,-81.0453720093
sn92065612,Columbia,SC,33.9988212585,-81.0453720093
sn86053240,Sumterville,SC,33.9243392944,-80.3423614502
sn84026917,Sumterville,SC,33.9243392944,-80.3423614502
sn86063756,Orangeburg,SC,33.4893493652,-80.8647232056
sn86053216,Newberry,SC,34.2745513916,-81.6192398071
sn85038608,Camden,SC,34.250038147,-80.6074523926
sn84026922,Winnsboro,SC,34.3796195984,-81.0861663818
sn84027005,Columbia,SC,33.9988212585,-81.0453720093
sn85042623,Beaufort,SC,32.4311904907,-80.6699295044
sn93067853,Union,SC,34.7153015137,-81.6231613159
sn93067846,Sumter,SC,33.9243392944,-80.3423614502
2012218729,Newberry,SC,34.2745513916,-81.6192398071
sn93067983,Camden,SC,34.250038147,-80.6074523926
sn84026918,Union,SC,34.7153015137,-81.6231613159
sn84026925,Yorkville,SC,33.9038619995,-80.8937530518
sn83025440,Canton,SD,43.3008308411,-96.5908813477
sn00065126,Canton,SD,43.3008308411,-96.5908813477
sn00065127,Canton,SD,43.3008308411,-96.5908813477
sn2001063144,Canton,SD,43.3008308411,-96.5908813477
sn84024443,Athens,TN,35.4409408569,-84.592300415
sn96091617,Maryville,TN,35.7537918091,-83.9733963013
sn89058007,Bolivar,TN,35.2561798096,-88.9884872437
sn85033306,Bolivar,TN,35.2561798096,-88.9884872437
sn85026955,Bristol,TN,36.5919303894,-82.2212677002
sn83045627,Knoxville,TN,35.9604911804,-83.9209136963
sn83045586,Knoxville,TN,35.9604911804,-83.9209136963
sn83045629,Knoxville,TN,35.9604911804,-83.9209136963
sn83045628,Knoxville,TN,35.9604911804,-83.9209136963
sn99065841,Knoxville,TN,35.9604911804,-83.9209136963
sn83045630,Knoxville,TN,35.9604911804,-83.9209136963
sn89058013,Camden,TN,36.0578384399,-88.0977783203
sn82015209,Chattanooga,TN,35.0464401245,-85.309463501
sn88061077,Clarksville,TN,36.5307502747,-87.3597717285
sn88061076,Clarksville,TN,36.5307502747,-87.3597717285
sn88061069,Clarksville,TN,36.5307502747,-87.3597717285
sn88061070,Clarksville,TN,36.5307502747,-87.3597717285
sn88061071,Clarksville,TN,36.5307502747,-87.3597717285
sn88061082,Clarksville,TN,36.5307502747,-87.3597717285
sn85033371,Clarksville,TN,36.5307502747,-87.3597717285
sn88061075,Clarksville,TN,36.5307502747,-87.3597717285
sn96091104,Columbia,TN,35.6157188416,-87.0354385376
sn85033386,Columbia,TN,35.6157188416,-87.0354385376
sn89058128,JohnsonCity,TN,36.3200798035,-82.3452835083
sn85038523,Winchester,TN,35.1865692139,-86.1120529175
sn83025725,Nashville,TN,36.1678390503,-86.7781600952
sn96091000,Nashville,TN,36.1678390503,-86.7781600952
sn86071224,Nashville,TN,36.1678390503,-86.7781600952
sn85033708,Nashville,TN,36.1678390503,-86.7781600952
sn88061072,Clarksville,TN,36.5307502747,-87.3597717285
sn85038519,Nashville,TN,36.1678390503,-86.7781600952
sn85033395,Fayetteville,TN,35.1526794434,-86.5705108643
sn86053406,Columbia,TN,35.6157188416,-87.0354385376
sn85033429,Jonesborough,TN,36.2914199829,-82.4800796509
sn95068565,Winchester,TN,35.1865692139,-86.1120529175
sn97065087,Winchester,TN,35.1865692139,-86.1120529175
sn85033437,Knoxville,TN,35.9604911804,-83.9209136963
sn85071003,Knoxville,TN,35.9604911804,-83.9209136963
sn85033438,Knoxville,TN,35.9604911804,-83.9209136963
sn85042534,Knoxville,TN,35.9604911804,-83.9209136963
sn97065075,Lawrenceburg,TN,35.2409706116,-87.3313522339
sn86053481,Loudon,TN,35.7416000366,-84.3365097046
sn89058369,Maryville,TN,35.7537918091,-83.9733963013
sn96091618,Maryville,TN,35.7537918091,-83.9733963013
sn83025728,Maryville,TN,35.7537918091,-83.9733963013
sn89058370,Maryville,TN,35.7537918091,-83.9733963013
sn84024448,Memphis,TN,35.1497612,-90.0492477417
sn83045160,Memphis,TN,35.1497612,-90.0492477417
sn86053488,Milan,TN,35.9207496643,-88.7587890625
sn85033681,Morristown,TN,36.2150306702,-83.2930374146
sn86053516,Nashville,TN,36.1678390503,-86.7781600952
sn83025718,Nashville,TN,36.1678390503,-86.7781600952
sn86064259,Nashville,TN,36.1678390503,-86.7781600952
sn85033711,Nashville,TN,36.1678390503,-86.7781600952
sn85033699,Nashville,TN,36.1678390503,-86.7781600952
sn85038518,Nashville,TN,36.1678390503,-86.7781600952
sn85038521,Nashville,TN,36.1678390503,-86.7781600952
sn86071264,Nashville,TN,36.1678390503,-86.7781600952
sn85038522,Nashville,TN,36.1678390503,-86.7781600952
sn85034339,Bristol,TN,36.5919303894,-82.2212677002
sn97065159,Rugby,TN,36.3625297546,-84.7040863037
sn85033673,Memphis,TN,35.1497612,-90.0492477417
sn85033964,Pulaski,TN,35.1969490051,-87.0324020386
sn85042543,Maryville,TN,35.7537918091,-83.9733963013
sn96086912,Rugby,TN,36.3625297546,-84.7040863037
sn97065158,Rugby,TN,36.3625297546,-84.7040863037
sn93063896,Rugby,TN,36.3625297546,-84.7040863037
sn97065160,Rugby,TN,36.3625297546,-84.7040863037
sn89058248,Savannah,TN,35.2244796753,-88.2456436157
sn89058249,Sequachee,TN,35.1178817749,-85.5928192139
sn89058250,Sequachee,TN,35.1178817749,-85.5928192139
sn86090474,McMinnville,TN,35.6809387207,-85.7744903564
sn89058302,Sweetwater,TN,35.6020812988,-84.4603500366
sn97065409,Sweetwater,TN,35.6020812988,-84.4603500366
sn96091014,Nashville,TN,36.1678390503,-86.7781600952
sn83045306,Knoxville,TN,35.9604911804,-83.9209136963
sn85042816,Greeneville,TN,36.1627197266,-82.8311462402
sn85038553,Jonesborough,TN,36.2914199829,-82.4800796509
sn97065126,Greeneville,TN,36.1627197266,-82.8311462402
sn85033372,Clarksville,TN,36.5307502747,-87.3597717285
sn86053402,Cleveland,TN,35.1601791382,-84.8753204346
sn89058006,Bolivar,TN,35.2561798096,-88.9884872437
sn85033435,Jackson,TN,35.613899231,-88.8193969727
sn97065089,Winchester,TN,35.1865692139,-86.1120529175
sn85038525,Winchester,TN,35.1865692139,-86.1120529175
sn85038524,Winchester,TN,35.1865692139,-86.1120529175
sn97065088,Winchester,TN,35.1865692139,-86.1120529175
sn97065090,Winchester,TN,35.1865692139,-86.1120529175
sn85042551,Amarillo,TX,35.2072486877,-101.833892822
sn86088296,Austin,TX,30.2675895691,-97.7429885864
sn86088028,Lubbock,TX,33.5845108032,-101.84500885
sn86071101,Beaumont,TX,30.0861492157,-94.1015777588
sn86089443,Brenham,TX,30.1660194397,-96.3999786377
sn86099906,Brownsville,TX,25.8995704651,-97.4954986572
sn86088651,Bryan,TX,30.6709804535,-96.3704223633
sn86088792,Bryan,TX,30.6709804535,-96.3704223633
sn88083938,Bryan,TX,30.6709804535,-96.3704223633
sn86088572,Bryan,TX,30.6709804535,-96.3704223633
sn95078907,Bryan,TX,30.6709804535,-96.3704223633
sn86088652,Bryan,TX,30.6709804535,-96.3704223633
sn86088199,CanyonCity,TX,29.875169754,-98.1905212402
sn86088527,CorpusChristi,TX,27.7964096069,-97.4035568237
sn86071134,CorpusChristi,TX,27.7964096069,-97.4035568237
2013271050,Beaumont,TX,30.0861492157,-94.1015777588
sn86089174,Brownsville,TX,25.8995704651,-97.4954986572
sn86088049,Amarillo,TX,35.2072486877,-101.833892822
sn83025733,Dallas,TX,32.7781486511,-96.7954025269
sn83025779,Dallas,TX,32.7781486511,-96.7954025269
sn84022278,Dallas,TX,32.7781486511,-96.7954025269
sn84022279,Dallas,TX,32.7781486511,-96.7954025269
sn83045001,Laredo,TX,27.5309200287,-99.5019989014
sn86064199,ElPaso,TX,31.7591590881,-106.487487793
sn88084272,ElPaso,TX,31.7591590881,-106.487487793
sn86064205,FortWorth,TX,32.7509498596,-97.3308563232
sn86090803,FortWorth,TX,32.7509498596,-97.3308563232
sn86071158,FortWorth,TX,32.7509498596,-97.3308563232
sn86088529,FortWorth,TX,32.7509498596,-97.3308563232
sn86089407,Greenville,TX,33.1390686035,-96.1067810059
sn86071197,Houston,TX,29.7604503632,-95.3697814941
sn86089978,Jefferson,TX,32.7620010376,-94.3549575806
sn86071254,Jefferson,TX,32.7620010376,-94.3549575806
sn93068209,Houston,TX,29.7604503632,-95.3697814941
sn89070104,FortWorthDallas,TX,31.4627342224,-99.3330383301
sn86089977,Jefferson,TX,32.7620010376,-94.3549575806
sn86088055,Lubbock,TX,33.5845108032,-101.84500885
sn86090383,Palestine,TX,31.7616996765,-95.6320037842
sn86064255,CanyonCity,TX,29.875169754,-98.1905212402
sn86090049,SanAngelo,TX,31.4615001678,-100.442420959
sn87090966,SanAntonio,TX,29.4245796204,-98.4946136475
sn86088181,SanMarcos,TX,29.8860301971,-97.9293365479
sn86088452,SanSaba,TX,31.4627342224,-99.3330383301
sn84022097,SanSaba,TX,31.4627342224,-99.3330383301
sn87091222,SanSaba,TX,31.4627342224,-99.3330383301
sn86090270,Shiner,TX,29.4285793304,-97.1710891724
sn86064239,Snyder,TX,32.7171516418,-100.917762756
sn86088093,CanyonCity,TX,29.875169754,-98.1905212402
sn86088114,Amarillo,TX,35.2072486877,-101.833892822
sn84022109,Waco,TX,31.5718193054,-97.1494979858
sn86088201,Waco,TX,31.5718193054,-97.1494979858
sn87090385,Waco,TX,31.5718193054,-97.1494979858
sn83021327,Austin,TX,30.2675895691,-97.7429885864
sn86088122,Amarillo,TX,35.2072486877,-101.833892822
sn85058027,AmericanFork,UT,40.3778305054,-111.797477722
sn84024055,SaltLakeCity,UT,40.7603111267,-111.888221741
sn85058028,AmericanFork,UT,40.3778305054,-111.797477722
sn85058217,Coalville,UT,40.91822052,-111.399658203
sn83045555,GreatSaltLakeCity,UT,39.3237419128,-111.678237915
2010218520,Provo,UT,40.2336997986,-111.668502808
sn86091037,ProvoCity,UT,39.3237419128,-111.678237915
sn86091022,Price,UT,39.6010093689,-110.81098938
sn86091038,ProvoCity,UT,39.3237419128,-111.678237915
sn85058397,OgdenCity,UT,39.3237419128,-111.678237915
sn86091396,Garland,UT,41.7405281067,-112.162628174
sn85058179,Garland,UT,41.7405281067,-112.162628174
2010218519,SaltLakeCity,UT,40.7603111267,-111.888221741
2010218501,SaltLakeCity,UT,40.7603111267,-111.888221741
2010218500,SaltLakeCity,UT,40.7603111267,-111.888221741
sn93062856,SaltLakeCity,UT,40.7603111267,-111.888221741
sn85058258,CedarCity,UT,39.3237419128,-111.678237915
sn85058259,CedarCity,UT,39.3237419128,-111.678237915
sn85058090,Lehi,UT,40.3896598816,-111.847473145
sn85058091,Lehi,UT,40.3896598816,-111.847473145
sn85058246,Logan,UT,41.7361793518,-111.834846497
sn85058273,Mercur,UT,40.3207092285,-112.207061768
sn85058394,Ogden,UT,41.2223587036,-111.970481873
sn85058406,Ogden,UT,41.2223587036,-111.970481873
sn83021447,SaltLakeCity,UT,40.7603111267,-111.888221741
sn85058393,Ogden,UT,41.2223587036,-111.970481873
sn85058396,OgdenCity,UT,39.3237419128,-111.678237915
sn85058398,OgdenCity,UT,39.3237419128,-111.678237915
sn86091040,ProvoCity,UT,39.3237419128,-111.678237915
sn85058117,SaltLakeCity,UT,40.7603111267,-111.888221741
sn85058140,SaltLakeCity,UT,40.7603111267,-111.888221741
sn85058130,SaltLakeCity,UT,40.7603111267,-111.888221741
sn83045396,SaltLakeCity,UT,40.7603111267,-111.888221741
sn85058245,SpanishFork,UT,39.3237419128,-111.678237915
sn85058011,StGeorge,UT,37.1090698242,-113.583297729
sn86091025,Price,UT,39.6010093689,-110.81098938
sn85058310,SaltLakeCity,UT,40.7603111267,-111.888221741
sn85058012,StGeorge,UT,37.1090698242,-113.583297729
sn85058010,StGeorge,UT,37.1090698242,-113.583297729
sn86091039,ProvoCity,UT,39.3237419128,-111.678237915
sn98060036,Barre,Vt,44.1678085327,-72.4765701294
sn98060035,Barre,Vt,44.1678085327,-72.4765701294
sn98060016,Bennington,Vt,42.8767204285,-73.1981811523
sn84022639,Bennington,Vt,42.8767204285,-73.1981811523
sn84027703,Bennington,Vt,42.8767204285,-73.1981811523
sn95066012,Bennington,Vt,42.8767204285,-73.1981811523
sn97067584,Bennington,Vt,42.8767204285,-73.1981811523
sn84022553,Bradford,Vt,43.9928398132,-72.1282730103
sn84023127,Burlington,Vt,44.4759216309,-73.2132263184
sn86072143,Burlington,Vt,44.4759216309,-73.2132263184
sn90005351,StJohnsbury,Vt,44.4182281494,-72.0207824707
sn84023252,StJohnsbury,Vt,44.4182281494,-72.0207824707
2012271201,Barre,Vt,44.1678085327,-72.4765701294
sn98060058,Bennington,Vt,42.8767204285,-73.1981811523
sn84023210,Montpelier,Vt,44.2602882385,-72.5762634277
sn84023416,Guildhall,Vt,44.5648193359,-71.5627365112
sn97067598,StJohnsbury,Vt,44.4182281494,-72.0207824707
sn84023209,Montpelier,Vt,44.2602882385,-72.5762634277
sn87091094,HydePark,Vt,44.5965614319,-72.6144104004
sn84023428,HydePark,Vt,44.5965614319,-72.6144104004
sn84023643,Middlebury,Vt,44.0149917603,-73.1671066284
sn84023647,Middlebury,Vt,44.0149917603,-73.1671066284
sn98060001,Middlebury,Vt,44.0149917603,-73.1671066284
sn83025667,Middlebury,Vt,44.0149917603,-73.1671066284
sn93063557,Middlebury,Vt,44.0149917603,-73.1671066284
sn84022552,Bradford,Vt,43.9928398132,-72.1282730103
sn97067613,Morrisville,Vt,44.5621299744,-72.598449707
sn86086342,Swanton,Vt,44.8872718811,-73.0916290283
sn84023648,Middlebury,Vt,44.0149917603,-73.1671066284
sn84023649,Middlebury,Vt,44.0149917603,-73.1671066284
sn84022871,Barton,Vt,44.7476806641,-72.1760177612
sn84022548,Irasburgh,Vt,44.8032112122,-72.2788085938
sn90000507,Burlington,Vt,44.4759216309,-73.2132263184
sn84023646,Middlebury,Vt,44.0149917603,-73.1671066284
sn84045028,Middlebury,Vt,44.0149917603,-73.1671066284
sn84022366,Rutland,Vt,43.6041107178,-73.0145874023
sn84022356,Rutland,Vt,43.6041107178,-73.0145874023
sn84022473,Rutland,Vt,43.6041107178,-73.0145874023
sn84022363,Rutland,Vt,43.6041107178,-73.0145874023
sn84022355,Rutland,Vt,43.6041107178,-73.0145874023
sn84022488,Rutland,Vt,43.6041107178,-73.0145874023
sn84023296,Woodstock,Vt,43.6253814697,-72.5176391602
sn84023294,Woodstock,Vt,43.6253814697,-72.5176391602
sn98060189,StJohnsbury,Vt,44.4182281494,-72.0207824707
sn84023253,StJohnsbury,Vt,44.4182281494,-72.0207824707
sn84023199,Montpelier,Vt,44.2602882385,-72.5762634277
sn85038102,Bradford,Vt,43.9928398132,-72.1282730103
sn85025295,StAlbans,Vt,44.81224823,-73.1138000488
sn84023255,Newport,Vt,44.9353408813,-72.2106170654
sn84023208,Montpelier,Vt,44.2602882385,-72.5762634277
sn98060050,Brattleboro,Vt,42.8540611267,-72.558883667
sn83025661,Brandon,Vt,43.7982215881,-73.0875167847
sn84023246,StAlbans,Vt,44.81224823,-73.1138000488
sn84023200,Montpelier,Vt,44.2602882385,-72.5762634277
sn86071719,Montpelier,Vt,44.2602882385,-72.5762634277
sn98060188,StJohnsbury,Vt,44.4182281494,-72.0207824707
sn84022807,Brattleboro,Vt,42.8540611267,-72.558883667
sn84023295,Woodstock,Vt,43.6253814697,-72.5176391602
sn84025980,Abingdon,Va,36.7104911804,-81.975189209
sn85025007,Alexandria,DC,38.9061889648,-77.0172653198
sn88061179,BigStoneGap,Va,37.5128211975,-78.6979446411
sn87060150,BigStoneGap,Va,37.5128211975,-78.6979446411
sn85026955,Bristol,Va,36.5985412598,-82.1807937622
sn85025371,Berryville,Va,39.1513786316,-77.9829101562
sn85034357,Jeffersonville,Va,37.5128211975,-78.6979446411
sn84024738,Richmond,Va,37.5406990051,-77.4336471558
sn83045830,NewportNews,Va,37.0828781128,-76.4802322388
sn84024670,Alexandria,Va,38.804599762,-77.0434112549
sn86071854,Richmond,Va,37.5406990051,-77.4336471558
sn94059373,Farmville,Va,37.3098983765,-78.3873977661
sn87060165,Fredericksburg,Va,38.3008918762,-77.4591369629
sn95079246,Monterey,Va,38.4132499695,-79.5829696655
sn94051168,Richmond,Va,37.5406990051,-77.4336471558
sn96096625,Richmond,Va,37.5406990051,-77.4336471558
sn84024716,Lexington,Va,37.7854804993,-79.4414672852
sn85025008,Alexandria,Va,38.804599762,-77.0434112549
sn95067647,Mathews,VA,37.4378204346,-76.3120422363
sn94051044,Orange,Va,38.2448997498,-78.1118621826
sn85034339,Bristol,TN,36.5919303894,-82.2212677002
sn85038624,Norfolk,Va,36.8468208313,-76.2850570679
sn85025715,Norfolk,Va,36.8468208313,-76.2850570679
sn94060041,Accomac,Va,37.7196998596,-75.6698532104
sn85038614,Richmond,Va,37.5406990051,-77.4336471558
sn84025841,Richmond,Va,37.5406990051,-77.4336471558
sn83045389,Richmond,Va,37.5406990051,-77.4336471558
sn88061182,Roanoke,Va,37.2715187073,-79.9405288696
sn95079481,Roanoke,Va,37.2715187073,-79.9405288696
sn86071868,Roanoke,Va,37.2715187073,-79.9405288696
sn95079490,Roanoke,Va,37.2715187073,-79.9405288696
sn85026941,Woodstock,Va,38.890209198,-78.4984893799
sn89038091,RendevousofDistribution,Va,37.5128211975,-78.6979446411
sn84024720,Staunton,Va,38.1500091553,-79.0727233887
sn84024718,Staunton,Va,38.1500091553,-79.0727233887
sn2008060934,StephensCity,Va,37.5128211975,-78.6979446411
sn95079154,Tazewell,Va,37.1161689758,-81.5186691284
sn85038615,Richmond,Va,37.5406990051,-77.4336471558
sn85034438,Richmond,Va,37.5406990051,-77.4336471558
sn95079220,Irvington,Va,37.6620788574,-76.4192504883
sn86071985,Williamsburg,Va,37.2756004333,-76.7097167969
sn86071779,Norfolk,Va,36.8468208313,-76.2850570679
sn87093220,Aberdeen,WT,39.4432563782,-98.9573364258
sn87093056,Ritzville,WA,47.1273002625,-118.379592896
sn87093354,Seattle,WA,47.6035690308,-122.329452515
sn87093353,Seattle,WA,47.6035690308,-122.329452515
sn88085771,Everett,WA,47.9765892029,-122.205932617
sn88085460,Colfax,WA,46.87940979,-117.364776611
sn87093028,Kennewick,WA,46.2080383301,-119.116981506
sn88085318,Colville,WA,48.5465698242,-117.904747009
sn84025731,Everett,WA,47.9765892029,-122.205932617
sn83045610,Seattle,WA,47.6035690308,-122.329452515
sn87093449,Seattle,WA,47.6035690308,-122.329452515
sn88085011,Ellensburg,WA,46.9970283508,-120.548721313
2012252560,Ellensburg,WA,46.9970283508,-120.548721313
sn88085012,Ellensburg,WA,46.9970283508,-120.548721313
sn88085421,WallaWalla,WA,46.0703811646,-118.342376709
sn88085617,Edison,WA,48.5620613098,-122.44140625
sn88085189,FridayHarbor,WA,47.4112930298,-120.556266785
sn87093029,Kennewick,WA,46.2080383301,-119.116981506
sn88085620,Everett,WA,47.9765892029,-122.205932617
sn87093039,Leavenworth,WA,47.5972099304,-120.659469604
sn88085445,Lynden,WA,48.9429016113,-122.450790405
sn88085081,Shelton,WT,39.4432563782,-98.9573364258
sn87008085,Newport,WA,48.1825408936,-117.043991089
sn88085204,Anacortes,WA,48.5174789429,-122.611732483
sn88085770,Everett,WA,47.9765892029,-122.205932617
sn88085101,Oroville,WA,48.9388084412,-119.435577393
sn88085488,Pullman,WA,46.7301483154,-117.181472778
2007252175,NorthYakima,WA,47.4112930298,-120.556266785
sn98047754,Seattle,WA,47.6035690308,-122.329452515
2007252185,NorthYakima,WA,47.4112930298,-120.556266785
2012252554,Ellensburg,WA,46.9970283508,-120.548721313
sn87093448,Seattle,WA,47.6035690308,-122.329452515
sn88085190,FridayHarbor,WA,47.4112930298,-120.556266785
sn83045611,Seattle,WA,47.6035690308,-122.329452515
sn83045604,Seattle,WA,47.6035690308,-122.329452515
sn84025811,Seattle,WA,47.6035690308,-122.329452515
sn87093407,Seattle,WA,47.6035690308,-122.329452515
sn88085947,Spokane,WA,47.6572608948,-117.412277222
sn88085187,Tacoma,WA,47.2551307678,-122.441642761
sn87093109,Vancouver,WA,45.6322097778,-122.671562195
sn98047755,Spokane,WA,47.6572608948,-117.412277222
sn88085769,Everett,WA,47.9765892029,-122.205932617
sn84022770,Olympia,WA,47.0392303467,-122.891357422
sn87093057,Ritzville,WA,47.1273002625,-118.379592896
sn87093055,Ritzville,WA,47.1273002625,-118.379592896
2012252559,Ellensburg,WA,46.9970283508,-120.548721313
sn86072041,Wenatchee,WA,47.4147109985,-120.305107117
sn88085523,NorthYakima,WA,47.4112930298,-120.556266785
sn84026772,Martinsburg,WV,39.4563713074,-77.9645614624
sn85059716,Clarksburg,WV,39.2794303894,-80.3401184082
sn84026845,Wheeling,WV,40.0639801025,-80.7214126587
sn84026840,Weston,WV,39.0379104614,-80.467590332
sn86092557,Fairmont,WV,39.481590271,-80.1471786499
sn85059862,Charleston,WV,38.3501396179,-81.6389312744
sn86092163,Morgantown,WV,39.6303710938,-79.9578475952
sn86092106,PointPleasant,WV,38.8470001221,-82.1365890503
sn84026788,CharlesTown,WV,39.2892799377,-77.8592910767
sn84026817,PointPleasant,WV,38.8470001221,-82.1365890503
sn84038198,Weston,WV,39.0379104614,-80.467590332
sn86092535,Wheeling,WV,40.0639801025,-80.7214126587
sn84026844,Wheeling,WV,40.0639801025,-80.7214126587
sn87090070,Capitan,NM,33.5455703735,-105.573699951
sn94056852,LasVegas,NM,35.5956802368,-105.216278076
sn93061467,Estancia,NM,34.7585716248,-106.055496216
sn93061743,Taos,NM,36.4115982056,-105.574249268
sn94056834,Taos,NM,36.4115982056,-105.574249268
sn83045398,Taos,NM,36.4115982056,-105.574249268
sn83045436,SantaFe,NM,35.6916809082,-105.937957764
sn83035172,Ashland,OH,40.8686485291,-82.3153381348
2013201074,SanJuan,PR,39.4432563782,-98.9573364258
sn86071063,Union,SC,34.7153015137,-81.6231613159
2013271052,Canton,SD,43.3008308411,-96.5908813477
2013271053,Canton,SD,43.3008308411,-96.5908813477
sn84022687,Montpelier,VT,44.2602882385,-72.5762634277